O,`[,wԍ,Zbg,Zbg,s,oꐔ,A^bNŐ,A^bN_,A^bN_,A^bN藦,A^bNʗ,obNA^bNŐ,obNA^bN_,obNA^bN_,ubN_,T[uŐ,T[u_,T[u_,T[u,,T[uV[uED,T[uV[uE,_,obNA^bN藦,A^bNZbg,ubNZbg,T[uʗ,T[uV[u
Gof_WFt[F,xmʃJTLbhXsbc,1,57,11,18,66,247,162,11,65.6,61.1,3,1,0,36,171,7,21,40,19,6,6,205,33.3,2.45,0.55,6.9,47.4
T_iGC_,ɃftB[m,6,24,37,6,59,435,153,27,35.2,29.0,140,56,12,22,197,4,13,37,0,0,0,179,40.0,2.59,0.37,5.1,
OD,BAeBOd,34,53,17,17,57,281,130,22,46.3,38.4,40,17,7,32,219,18,62,43,28,7,7,180,42.5,2.28,0.56,6.1,37.5
OؗTl,łgjeB[ubc,18,29,41,7,19,14,7,1,50.0,42.9,0,0,0,0,31,0,2,7,43,17,10,7,,0.37,0.0,4.0,51.2
OY,TtB@kC,10,27,39,6,22,62,31,3,50.0,45.2,0,0,0,8,54,0,8,6,6,4,0,39,,1.41,0.36,-0.9,66.7
On,哯|bhX^[,6,27,26,7,29,54,29,1,53.7,51.9,0,0,0,16,86,4,6,20,0,0,0,49,,1.0,0.55,8.7,
OpO,FfB,3,0,12,0,0,0,0,0,,,0,0,0,0,0,0,0,0,0,0,0,0,,,,,
⏫P,g^ԃTz[NX,18,8,9,2,5,1,1,0,100.0,100.0,0,0,0,0,8,0,0,2,0,0,0,1,,0.2,0.0,6.2,
v,ޗǃh[}[Y,15,16,33,4,17,89,39,8,43.8,34.8,30,13,5,2,27,1,10,4,6,0,2,42,43.3,2.29,0.12,-1.9,16.7
,ɃftB[m,13,16,16,5,32,8,4,0,50.0,50.0,0,0,0,8,98,1,5,23,6,0,1,13,,0.12,0.25,5.6,8.3
_,ޗǃh[}[Y,4,14,30,4,8,9,2,0,22.2,22.2,0,0,0,3,25,2,2,6,2,1,1,7,,0.25,0.38,12.0,75.0
RY,ޗǃh[}[Y,6,12,18,4,2,0,0,0,,,0,0,0,0,2,0,1,0,0,0,0,0,,0.0,0.0,-12.5,
Lo,BAeBOd,2,53,17,17,20,39,16,1,41.0,38.5,8,3,1,5,42,3,7,8,6,4,2,24,37.5,0.8,0.25,7.7,83.3
ш^,TtB@kC,16,22,35,5,30,100,35,19,35.0,16.0,17,4,6,1,61,1,20,9,105,29,41,37,23.5,1.17,0.03,-2.9,47.1
Va,xtH[gt@C^[Y,20,8,13,2,4,0,0,0,,,0,0,0,0,5,0,3,0,0,0,0,0,,0.0,0.0,-15.0,
,ޗǃh[}[Y,23,11,15,2,25,178,86,16,48.3,39.3,41,17,4,9,95,4,20,21,177,93,37,99,41.5,3.44,0.36,4.5,63.0
đ,ޗǃh[}[Y,5,7,15,1,15,69,29,6,42.0,33.3,16,11,1,2,28,1,13,8,0,0,0,32,68.8,1.93,0.13,-0.9,
M,xtH[gt@C^[Y,14,23,42,4,58,98,36,11,36.7,25.5,9,0,3,0,117,6,30,35,115,56,27,42,0.0,0.62,0.0,6.2,60.4
쏫,ɃftB[m,5,24,37,6,43,13,5,1,38.5,30.8,0,0,0,1,117,2,5,27,0,0,0,8,,0.12,0.02,6.4,
ő,ޗǃh[}[Y,13,14,21,2,16,4,0,1,0.0,-25.0,1,0,0,0,29,0,2,7,3,0,0,0,0.0,0.0,0.0,4.3,0.0
엳,ʃAUA,4,40,19,13,37,251,108,12,43.0,38.2,47,21,4,25,136,10,29,35,219,89,45,143,44.7,2.92,0.68,8.5,50.9
ۈB,N{^XsA[Y,5,22,39,4,56,169,73,7,43.2,39.1,1,0,0,16,137,5,33,27,1,1,0,94,0.0,1.3,0.29,2.6,100.0
۔đ,ޗǃh[}[Y,22,10,18,1,27,76,37,1,48.7,47.4,0,0,0,13,75,4,5,11,2,0,2,54,,1.37,0.48,7.3,50.0
ܓc,哯|bhX^[,10,33,28,9,41,204,85,16,41.7,33.8,9,3,2,11,131,6,6,29,176,79,54,102,33.3,2.07,0.27,9.0,60.2
n,N{^XsA[Y,14,11,17,2,26,224,95,20,42.4,33.5,59,30,10,15,95,8,21,25,3,2,1,118,50.8,3.65,0.58,9.5,83.3
Rn,łgjeB[ubc,16,29,41,7,57,244,106,23,43.4,34.0,16,4,4,4,196,7,33,45,492,222,165,117,25.0,1.86,0.07,5.1,61.9
ɒ♍O,TtB@kC,21,14,10,4,24,0,0,0,,,0,0,0,0,0,0,0,0,137,62,43,0,,0.0,0.0,,60.9
V[,哯|bhX^[,1,33,28,9,51,454,213,20,46.9,42.5,75,33,7,4,186,8,24,37,401,185,94,225,44.0,4.18,0.08,6.0,57.9
ɓTV,xtH[gt@C^[Y,2,23,42,4,65,9,3,2,33.3,11.1,0,0,0,11,218,0,5,35,3,0,0,14,,0.05,0.17,3.4,0.0
ϑs,g^ԃTz[NX,13,32,22,9,19,35,9,4,25.7,14.3,0,0,0,4,36,1,3,4,63,23,15,14,,0.47,0.21,3.5,48.4
XؔH,HAXkC,9,56,11,18,56,357,177,17,49.6,44.8,87,49,7,19,241,13,40,66,268,139,61,209,56.3,3.16,0.34,8.1,63.2
,ʃAUA,5,40,19,13,57,147,71,8,48.3,42.9,0,0,0,44,218,5,10,30,13,6,4,120,,1.25,0.77,4.6,61.5
P,TtB@kC,8,30,41,7,40,3,2,0,66.7,66.7,0,0,0,4,51,1,4,7,0,0,0,7,,0.05,0.1,3.4,
,FfB,10,14,32,3,15,0,0,0,,,0,0,0,0,15,0,4,3,1,0,0,0,,0.0,0.0,-1.7,0.0
,xmʃJTLbhXsbc,13,51,11,16,26,75,28,4,37.3,32.0,11,4,2,4,80,4,7,15,114,40,37,36,36.4,1.08,0.15,7.5,51.3
O,łgjeB[ubc,9,29,41,7,56,0,0,0,,,0,0,0,0,72,2,16,8,6,2,3,2,,0.0,0.0,0.0,58.3
O쏫,BAeBOd,11,16,6,5,2,1,1,0,100.0,100.0,1,1,0,0,2,0,1,0,0,0,0,1,100.0,0.5,0.0,-12.5,
Oc,ʃAUA,9,3,4,1,2,0,0,0,,,0,0,0,0,2,0,0,0,0,0,0,0,,0.0,0.0,0.0,
ɐD,HAXkC,15,56,11,18,2,0,0,0,,,0,0,0,0,2,0,0,1,0,0,0,0,,0.0,0.0,12.5,
M,ޗǃh[}[Y,9,23,39,5,58,336,143,20,42.6,36.6,32,17,2,13,215,5,10,60,332,150,95,161,53.1,2.47,0.22,8.1,59.5
Y,xmʃJTLbhXsbc,7,57,11,18,45,90,41,8,45.6,36.7,0,0,0,26,158,6,13,36,21,11,7,73,,0.91,0.58,7.4,69.0
ɑ,ɃftB[m,8,5,3,1,0,0,0,0,,,0,0,0,0,0,0,0,0,0,0,0,0,,,,,
{^Y,΃iCebhSunGAIA,14,33,35,8,40,31,13,1,41.9,38.7,0,0,0,2,43,1,4,8,0,0,0,16,,0.32,0.05,4.7,
kczG,BAeBOd,23,53,17,17,44,120,65,0,54.2,54.2,1,1,0,16,160,10,28,32,8,7,1,91,100.0,1.48,0.36,6.9,93.8
kTV,ɃftB[m,21,1,3,0,0,0,0,0,,,0,0,0,0,0,0,0,0,0,0,0,0,,,,,
\,΃iCebhSunGAIA,21,33,35,8,56,147,77,6,52.4,48.3,1,0,0,25,173,3,11,33,19,9,6,105,0.0,1.38,0.45,4.9,63.2
ÐP,łgjeB[ubc,15,29,41,7,52,175,76,18,43.4,33.1,1,0,0,20,132,4,17,25,28,10,13,100,0.0,1.46,0.38,4.5,58.9
g,tZELVA,10,9,45,0,45,2,0,0,0.0,0.0,1,0,0,1,131,3,10,13,2,0,0,4,0.0,0.0,0.02,2.9,0.0
gq,g^ԃTz[NX,16,32,22,9,54,561,265,44,47.2,39.4,108,62,10,19,218,13,44,52,7,3,1,297,57.4,4.91,0.35,6.9,50.0
gVS,xtH[gt@C^[Y,18,23,42,4,65,0,0,0,,,0,0,0,0,0,0,0,0,235,109,59,0,,0.0,0.0,,58.9
gcm,ɃftB[m,25,16,16,5,30,82,34,7,41.5,32.9,0,0,0,14,82,5,14,12,7,2,2,53,,1.13,0.47,5.5,42.9
gc,xmʃJTLbhXsbc,5,20,5,6,6,25,12,0,48.0,48.0,5,2,0,1,11,0,1,3,1,0,1,13,40.0,2.0,0.17,4.5,50.0
gcT,BAeBOd,13,53,17,17,52,326,146,25,44.8,37.1,37,15,6,13,163,5,14,31,314,160,79,164,40.5,2.81,0.25,5.7,63.5
gcl,TtB@kC,14,21,28,5,27,24,9,0,37.5,37.5,0,0,0,1,77,4,15,18,8,3,4,14,,0.33,0.04,6.2,62.5
gc@,哯|bhX^[,3,33,28,9,61,234,130,15,55.6,49.1,1,1,0,41,188,7,16,43,5,2,2,178,100.0,2.13,0.67,7.3,60.0
aT,łgjeB[ubc,17,26,39,6,57,214,102,12,47.7,42.1,1,0,0,31,168,10,51,31,11,1,6,143,0.0,1.79,0.54,3.0,36.4
yFo,΃iCebhSunGAIA,12,31,32,8,38,3,0,0,0.0,0.0,0,0,0,0,114,2,4,14,5,0,0,2,,0.0,0.0,3.9,0.0
yJI|,΃iCebhSunGAIA,7,33,35,8,1,0,0,0,,,0,0,0,0,1,0,0,0,0,0,0,0,,0.0,0.0,0.0,
{M,g^ԃTz[NX,15,32,22,9,49,159,58,21,36.5,23.3,1,0,0,13,155,4,4,25,270,116,76,75,0.0,1.18,0.27,6.0,57.0
xYl,ʃAUA,19,33,11,11,1,0,0,0,,,0,0,0,0,0,0,0,0,1,0,0,0,,0.0,0.0,,0.0
xĉ,΃iCebhSunGAIA,25,9,14,1,21,1,0,0,0.0,0.0,0,0,0,0,42,2,1,4,0,0,0,2,,0.0,0.0,6.5,
,哯|bhX^[,13,33,28,9,20,72,26,10,36.1,22.2,8,4,3,1,34,2,8,12,64,22,23,29,50.0,1.3,0.05,8.8,52.3
d㐳,ޗǃh[}[Y,3,23,45,5,50,162,74,11,45.7,38.9,4,2,2,13,148,3,33,26,37,12,14,90,50.0,1.48,0.26,0.8,51.4
Oq,BAeBOd,10,53,17,17,64,0,0,0,,,0,0,0,0,0,0,0,0,257,155,66,0,,0.0,0.0,,73.2
؍,哯|bhX^[,14,33,28,9,44,287,119,23,41.5,33.4,19,5,4,12,151,4,10,32,237,111,49,135,26.3,2.7,0.27,6.3,57.2
呺č,FfB,22,21,46,4,33,217,84,28,38.7,25.8,67,21,11,6,108,5,20,25,1,0,1,95,31.3,2.55,0.18,5.8,50.0
Y⌒,BAeBOd,12,43,13,14,9,0,0,0,,,0,0,0,0,0,0,0,0,31,20,10,0,,0.0,0.0,,80.6
咬aK,tZELVA,12,7,30,0,22,92,35,3,38.0,34.8,5,0,1,1,62,3,4,7,94,32,37,39,0.0,1.59,0.05,6.0,53.7
Ꜩ,łgjeB[ubc,5,28,38,7,14,0,0,0,,,0,0,0,0,0,0,0,0,17,6,5,0,,0.0,0.0,,50.0
엲,xtH[gt@C^[Y,5,23,42,4,65,206,116,21,56.3,46.1,0,0,0,39,220,4,16,32,36,18,9,159,,1.78,0.6,3.6,62.5
ޗԌ,FfB,19,15,36,3,26,42,23,6,54.8,40.5,16,9,4,2,52,4,20,13,0,0,0,29,56.2,0.88,0.08,4.3,
ck,TtB@kC,4,19,31,4,39,91,39,8,42.9,34.1,1,1,0,10,127,4,8,18,10,4,3,53,100.0,1.0,0.26,5.1,55.0
cW,ɃftB[m,22,8,21,1,1,0,0,0,,,0,0,0,0,0,0,0,0,0,0,0,0,,0.0,0.0,,
cl,BAeBOd,16,53,17,17,54,243,109,18,44.9,37.4,8,3,0,8,214,9,15,39,376,202,92,126,37.5,2.02,0.15,7.0,66.0
{cq,FfB,4,21,46,4,67,0,0,0,,,0,0,0,0,0,0,0,0,298,126,79,0,,0.0,0.0,,55.5
s,哯|bhX^[,18,33,28,9,61,399,173,53,43.4,30.1,109,41,26,20,194,7,38,35,2,0,0,200,37.6,2.84,0.33,3.2,0.0
cW,N{^XsA[Y,10,22,39,4,53,0,0,0,,,0,0,0,0,0,0,0,0,219,123,36,0,,0.0,0.0,,64.4
xD,ʃAUA,16,16,13,5,0,0,0,0,,,0,0,0,0,0,0,0,0,0,0,0,0,,,,,
P,ʃAUA,13,40,19,13,3,13,3,2,23.1,7.7,0,0,0,1,12,0,0,0,2,2,0,4,,1.0,0.33,0.0,100.0
M,xtH[gt@C^[Y,1,23,42,4,1,1,0,0,0.0,0.0,1,0,0,0,0,0,0,0,0,0,0,0,0.0,0.0,0.0,,
,FfB,2,21,46,4,67,567,234,55,41.3,31.6,180,75,27,16,213,8,32,26,226,102,56,258,41.7,3.49,0.24,3.1,57.5
ѐT,xmʃJTLbhXsbc,6,57,11,18,65,0,0,0,,,0,0,0,0,0,0,0,0,196,115,52,0,,0.0,0.0,,71.9
ы,łgjeB[ubc,21,24,36,6,60,616,288,61,46.8,36.9,193,99,26,16,217,17,59,44,0,0,0,321,51.3,4.8,0.27,6.1,
X,TtB@kC,9,4,5,1,9,0,0,0,,,0,0,0,0,0,0,0,0,64,30,16,0,,0.0,0.0,,59.4
򋿋P,TtB@kC,13,27,39,6,64,125,62,4,49.6,46.4,1,0,0,47,175,3,12,20,8,4,0,112,0.0,0.97,0.73,2.9,50.0
쒈,xmʃJTLbhXsbc,15,39,10,12,21,2,2,0,100.0,100.0,0,0,0,4,50,0,6,2,3,0,0,6,,0.1,0.19,-2.0,0.0
؏,xmʃJTLbhXsbc,19,57,11,18,40,7,2,2,28.6,0.0,1,1,0,0,50,5,19,11,21,11,6,7,100.0,0.05,0.0,6.0,66.7
R,FfB,14,21,46,4,62,172,87,13,50.6,43.0,0,0,0,33,174,2,34,33,23,14,5,122,,1.4,0.53,1.0,71.7
Ri,g^ԃTz[NX,8,32,22,9,54,11,3,2,27.3,9.1,0,0,0,4,190,10,33,33,1,0,0,17,,0.06,0.07,5.3,0.0
RcK,tZELVA,2,8,36,0,32,52,24,0,46.2,46.2,0,0,0,5,86,2,6,12,16,5,3,31,,0.75,0.16,4.1,40.6
Rcx,FfB,9,11,21,2,29,167,83,13,49.7,41.9,23,10,4,1,95,6,15,30,93,27,31,90,43.5,2.86,0.03,10.3,45.7
落,N{^XsA[Y,4,18,31,3,3,5,3,0,60.0,60.0,0,0,0,2,8,0,0,2,0,0,0,5,,1.0,0.67,6.2,
{,łgjeB[ubc,1,29,41,7,64,361,166,29,46.0,38.0,70,25,13,29,227,7,32,44,250,94,66,202,35.7,2.59,0.45,4.4,50.8
`Y,xmʃJTLbhXsbc,10,39,2,13,12,36,24,2,66.7,61.1,0,0,0,5,32,1,3,6,2,1,0,30,,2.0,0.42,5.5,50.0
cđ,ޗǃh[}[Y,44,11,21,1,14,24,10,4,41.7,25.0,3,1,2,1,25,0,7,4,47,14,18,11,33.3,0.71,0.07,-3.0,48.9
qC,TtB@kC,24,7,7,2,8,11,7,0,63.6,63.6,0,0,0,4,17,0,1,5,2,0,0,11,,0.88,0.5,5.9,0.0
gP,BAeBOd,73,53,17,17,67,319,188,17,58.9,53.6,11,8,0,36,213,7,21,59,4,3,1,231,72.7,2.81,0.54,7.7,87.5
c,哯|bhX^[,11,31,19,9,4,0,0,0,,,0,0,0,0,0,0,0,0,0,0,0,0,,0.0,0.0,,
đ,ʃAUA,1,40,19,13,59,0,0,0,,,0,0,0,0,0,0,0,0,218,144,43,0,,0.0,0.0,,75.9
쑺Ki,ޗǃh[}[Y,10,20,33,4,30,126,43,18,34.1,19.8,4,2,0,3,87,2,8,19,150,76,31,48,50.0,1.43,0.1,5.5,61.0
c,N{^XsA[Y,15,11,22,2,0,0,0,0,,,0,0,0,0,0,0,0,0,0,0,0,0,,,,,
씨MT,ʃAUA,10,37,18,12,26,76,26,5,34.2,27.6,1,0,0,9,95,1,7,14,81,34,21,36,0.0,1.0,0.35,2.9,54.9
[,g^ԃTz[NX,10,32,22,9,10,0,0,0,,,0,0,0,0,12,0,6,3,0,0,0,0,,0.0,0.0,-6.2,
⎟,ɃftB[m,24,21,37,5,20,0,0,0,,,0,0,0,0,0,0,0,0,19,12,3,0,,0.0,0.0,,71.1
,xtH[gt@C^[Y,11,18,30,4,48,204,85,19,41.7,32.4,4,0,2,8,209,17,60,57,368,209,94,110,0.0,1.77,0.17,7.8,69.6
Du,ޗǃh[}[Y,21,5,18,1,15,0,0,0,,,0,0,0,4,35,1,5,6,59,22,14,5,,0.0,0.27,3.6,49.2
쑾,g^ԃTz[NX,9,32,22,9,44,135,70,10,51.9,44.4,1,0,0,15,166,4,11,38,4,2,2,89,0.0,1.59,0.34,6.5,75.0
W,哯|bhX^[,5,8,11,2,0,0,0,0,,,0,0,0,0,0,0,0,0,0,0,0,0,,,,,
i,łgjeB[ubc,6,14,23,4,18,73,30,11,41.1,26.0,0,0,0,1,33,0,3,4,3,0,1,31,,1.67,0.06,0.8,16.7
,HAXkC,14,53,11,17,64,585,350,59,59.8,49.7,242,131,34,28,272,29,71,75,4,3,1,407,54.1,5.47,0.44,11.0,87.5
㓡,HAXkC,18,56,11,18,56,114,64,4,56.1,52.6,3,0,0,32,249,7,25,59,22,13,5,103,0.0,1.14,0.57,6.2,70.5
㓡au,ޗǃh[}[Y,11,16,27,4,17,13,3,3,23.1,0.0,2,0,1,1,22,0,9,3,12,3,2,4,0.0,0.18,0.06,-6.8,33.3
㓡,ɃftB[m,23,16,16,5,3,0,0,0,,,0,0,0,0,5,0,1,0,0,0,0,0,,0.0,0.0,-5.0,
㓡M,xmʃJTLbhXsbc,8,39,9,12,36,57,23,7,40.4,28.1,14,6,2,1,58,5,16,14,0,0,0,29,42.9,0.64,0.03,7.8,
ug,xmʃJTLbhXsbc,20,21,1,7,7,0,0,0,,,0,0,0,3,12,0,0,2,0,0,0,3,,0.0,0.43,4.2,
˓c,HAXkC,10,56,11,18,21,51,25,4,49.0,41.2,2,1,0,3,38,4,12,8,100,40,22,32,50.0,1.19,0.14,7.9,51.0
ˏ,xmʃJTLbhXsbc,9,12,2,4,7,3,1,0,33.3,33.3,0,0,0,0,21,2,1,7,1,1,0,3,,0.14,0.0,16.7,100.0
M,ɃftB[m,28,16,16,5,11,35,18,2,51.4,45.7,0,0,0,9,35,1,6,4,3,1,2,28,,1.64,0.82,1.4,66.7
V_@V,xtH[gt@C^[Y,9,23,42,4,6,25,5,1,20.0,16.0,0,0,0,4,15,0,1,2,8,3,5,9,,0.83,0.67,1.7,68.8
V_,΃iCebhSunGAIA,13,31,32,8,59,0,0,0,,,0,0,0,0,0,0,0,0,275,166,50,0,,0.0,0.0,,69.5
VJr,łgjeB[ubc,12,26,33,6,31,16,5,0,31.2,31.2,0,0,0,1,33,2,11,5,25,12,5,8,,0.16,0.03,1.5,58.0
Y,N{^XsA[Y,3,22,39,4,46,0,0,0,,,0,0,0,0,27,0,1,4,68,38,14,0,,0.0,0.0,2.8,66.2
qP,łgjeB[ubc,13,29,41,7,36,2,2,0,100.0,100.0,0,0,0,0,104,3,5,26,0,0,0,5,,0.06,0.0,7.9,
t,BAeBOd,7,53,17,17,65,571,272,47,47.6,39.4,211,107,26,20,271,8,28,64,5,3,1,300,50.7,4.18,0.31,6.3,70.0
C,΃iCebhSunGAIA,8,33,35,8,54,76,44,3,57.9,53.9,0,0,0,16,83,2,10,17,3,1,2,62,,0.81,0.3,4.5,66.7
]c,΃iCebhSunGAIA,23,33,35,8,60,20,8,2,40.0,30.0,1,0,0,1,81,1,18,22,115,59,33,10,0.0,0.13,0.02,2.5,65.7
Lđ,ޗǃh[}[Y,7,25,48,5,73,244,120,12,49.2,44.3,2,1,0,43,174,1,20,49,4,2,1,164,50.0,1.64,0.59,4.7,62.5
{Vl,HAXkC,11,56,11,18,20,0,0,0,,,0,0,0,0,20,1,3,6,0,0,0,1,,0.0,0.0,8.8,
JS,ޗǃh[}[Y,14,22,48,4,45,0,0,0,,,0,0,0,0,15,0,0,2,137,40,47,0,,0.0,0.0,3.3,46.4
핑a,tZELVA,20,9,42,0,49,423,179,37,42.3,33.6,106,40,16,13,173,5,27,24,311,165,84,197,37.7,3.65,0.27,2.5,66.6
r,tZELVA,8,5,33,0,30,264,113,23,42.8,34.1,94,38,9,7,86,1,12,7,0,0,0,121,40.4,3.77,0.23,-0.3,
,tZELVA,26,2,6,0,8,56,31,4,55.4,48.2,6,1,1,4,31,1,4,9,33,16,6,36,16.7,3.88,0.5,7.3,57.6
jT,xtH[gt@C^[Y,25,4,5,1,0,0,0,0,,,0,0,0,0,0,0,0,0,0,0,0,0,,,,,
⟩,xmʃJTLbhXsbc,2,51,10,16,20,45,32,1,71.1,68.9,0,0,0,2,63,6,14,7,1,0,1,40,,1.6,0.1,6.7,50.0
,BAeBOd,24,16,7,5,5,1,0,0,0.0,0.0,1,0,0,0,7,1,2,2,0,0,0,1,0.0,0.0,0.0,14.3,
{K,xtH[gt@C^[Y,6,23,42,4,42,201,66,20,32.8,22.9,6,2,3,17,132,1,12,19,263,146,53,84,33.3,1.57,0.4,2.1,65.6
cN,΃iCebhSunGAIA,16,33,35,8,68,209,104,14,49.8,43.1,2,1,0,47,165,5,42,34,19,9,7,156,50.0,1.53,0.69,1.8,65.8
V,tZELVA,5,9,45,0,35,5,1,0,20.0,20.0,1,0,0,1,62,2,0,9,1,0,1,4,0.0,0.03,0.03,6.9,50.0
їD,ɃftB[m,14,17,28,4,2,0,0,0,,,0,0,0,0,4,0,0,0,0,0,0,0,,0.0,0.0,0.0,
ex,N{^XsA[Y,11,11,17,2,25,111,41,10,36.9,27.9,12,4,2,7,67,2,7,19,208,98,66,50,33.3,1.64,0.28,7.5,63.0
˒Jl,΃iCebhSunGAIA,19,2,3,0,5,31,16,2,51.6,45.2,2,0,0,3,13,0,3,5,18,8,7,19,0.0,3.2,0.6,3.8,63.9
c,HAXkC,2,56,11,18,46,115,67,8,58.3,51.3,0,0,0,33,155,7,23,42,23,11,5,107,,1.46,0.72,7.6,58.7
m,TtB@kC,19,20,32,4,45,291,132,33,45.4,34.0,119,43,18,6,124,5,31,19,1,0,1,143,36.1,2.93,0.13,1.6,50.0
cSD,xmʃJTLbhXsbc,4,57,11,18,62,437,263,42,60.2,50.6,149,84,21,16,248,10,38,57,5,2,1,289,56.4,4.24,0.26,5.9,50.0
~,ɃftB[m,4,24,37,6,61,460,186,67,40.4,25.9,54,16,15,20,226,10,58,43,448,235,99,216,29.6,3.05,0.33,2.8,63.5
XM,TtB@kC,17,20,33,4,31,167,65,12,38.9,31.7,52,20,6,4,91,4,21,15,80,29,29,73,38.5,2.1,0.13,2.7,54.4
X_^,BAeBOd,9,53,17,17,29,11,6,1,54.5,45.5,0,0,0,5,78,2,5,18,1,0,0,13,,0.21,0.17,6.7,0.0
X,ɃftB[m,27,24,37,6,61,0,0,0,,,0,0,0,0,0,0,0,0,428,275,99,0,,0.0,0.0,,75.8
Xc,ʃAUA,14,40,19,13,59,314,139,29,44.3,35.0,25,7,8,21,224,10,28,41,503,246,139,170,28.0,2.36,0.36,5.9,62.7
Xz,哯|bhX^[,8,33,28,9,33,43,15,1,34.9,32.6,0,0,0,11,75,2,10,4,5,2,2,28,,0.45,0.33,0.7,60.0
{C,tZELVA,4,9,39,0,46,155,69,13,44.5,36.1,4,1,1,28,122,3,34,20,29,10,5,100,25.0,1.5,0.61,-0.4,43.1
܃EL,g^ԃTz[NX,6,32,22,9,7,3,0,0,0.0,0.0,0,0,0,2,12,0,2,3,1,0,0,2,,0.0,0.29,2.1,0.0
ї,łgjeB[ubc,11,28,35,7,58,23,11,1,47.8,43.5,1,0,0,12,184,2,10,31,1,0,0,25,0.0,0.19,0.21,3.9,0.0
M,xtH[gt@C^[Y,3,6,9,1,2,3,2,0,66.7,66.7,0,0,0,0,4,0,0,2,0,0,0,2,,1.0,0.0,12.5,
]蓬,ޗǃh[}[Y,12,17,30,3,45,457,200,35,43.8,36.1,175,77,21,7,152,11,38,41,1,0,1,218,44.0,4.44,0.16,7.7,50.0
͐֎i,xtH[gt@C^[Y,15,23,42,4,56,454,181,38,39.9,31.5,173,64,21,20,202,9,11,32,1,0,1,210,37.0,3.23,0.36,7.1,50.0
ÍqV,N{^XsA[Y,13,16,30,3,0,0,0,0,,,0,0,0,0,0,0,0,0,0,0,0,0,,,,,
Ócn,哯|bhX^[,7,33,28,9,61,0,0,0,,,0,0,0,0,0,0,0,0,236,113,67,0,,0.0,0.0,,62.1
쐬,g^ԃTz[NX,3,32,22,9,13,25,6,4,24.0,8.0,1,0,0,1,29,0,6,6,35,20,5,7,0.0,0.46,0.08,0.0,64.3
,xmʃJTLbhXsbc,11,57,11,18,59,294,131,21,44.6,37.4,42,19,5,17,177,2,31,26,334,160,77,150,45.2,2.22,0.29,0.4,59.4
쏻,tZELVA,1,7,36,0,36,175,64,12,36.6,29.7,23,9,2,18,116,6,13,19,179,92,47,88,39.1,1.78,0.5,6.5,64.5
lE,΃iCebhSunGAIA,2,29,30,7,38,34,21,1,61.8,58.8,0,0,0,6,111,0,10,19,1,0,0,27,,0.55,0.16,2.0,0.0
lcđ,HAXkC,19,56,11,18,67,16,6,0,37.5,37.5,0,0,0,24,222,2,7,24,2,1,0,32,,0.09,0.36,2.8,50.0
,哯|bhX^[,15,33,28,9,34,4,1,1,25.0,0.0,2,0,0,0,54,3,8,12,0,0,0,4,0.0,0.03,0.0,7.4,
cmS,TtB@kC,25,7,7,2,14,149,66,14,44.3,34.9,65,29,7,2,48,2,17,14,3,3,0,70,44.6,4.71,0.14,2.6,100.0
]˗F,g^ԃTz[NX,2,5,8,1,1,0,0,0,,,0,0,0,0,1,0,0,0,0,0,0,0,,0.0,0.0,0.0,
nӏr,HAXkC,6,50,9,16,59,0,0,0,,,0,0,0,0,0,0,0,0,273,170,60,0,,0.0,0.0,,73.3
nӎn,FfB,6,21,43,4,41,87,32,6,36.8,29.9,0,0,0,6,69,0,4,12,6,2,3,38,,0.78,0.15,2.9,58.3
nӑ嗺,ʃAUA,12,40,19,13,59,106,57,3,53.8,50.9,0,0,0,8,232,10,22,43,0,0,0,75,,0.97,0.14,6.6,
n粘an,哯|bhX^[,2,33,28,9,40,0,0,0,,,0,0,0,0,59,1,2,15,0,0,0,1,,0.0,0.0,7.2,
n粓O,ޗǃh[}[Y,1,2,15,0,10,12,5,0,41.7,41.7,0,0,0,1,20,1,3,5,0,0,0,7,,0.5,0.1,7.5,
neBEl,FfB,5,21,46,4,23,2,2,0,100.0,100.0,0,0,0,1,74,0,0,6,1,0,0,3,,0.09,0.04,2.0,0.0
P,΃iCebhSunGAIA,20,31,32,8,14,61,22,5,36.1,27.9,8,4,1,2,31,0,14,2,97,58,13,24,50.0,1.57,0.14,-9.7,66.5
FJml,ɃftB[m,11,2,6,0,6,1,0,0,0.0,0.0,1,0,0,0,4,0,0,1,6,4,1,0,0.0,0.0,0.0,6.2,75.0
VM,FfB,12,21,46,4,67,484,202,54,41.7,30.6,58,28,7,13,253,11,46,45,522,257,118,226,48.3,3.01,0.19,4.2,60.5
Vcj,FfB,25,9,12,2,13,10,6,0,60.0,60.0,0,0,0,0,7,0,0,1,28,7,10,6,,0.46,0.0,3.6,42.9
_cp,΃iCebhSunGAIA,11,33,35,8,65,345,132,18,38.3,33.0,9,3,0,18,195,4,60,39,417,211,125,154,33.3,2.03,0.28,-0.6,65.6
C,tZELVA,19,6,30,0,13,29,14,1,48.3,44.8,0,0,0,9,36,0,1,3,0,0,0,23,,1.08,0.69,1.4,
VzI,΃iCebhSunGAIA,6,33,35,8,61,338,151,17,44.7,39.6,37,14,4,8,205,4,20,55,267,121,63,163,37.8,2.48,0.13,6.2,57.1
FJEl,FfB,11,8,13,1,8,3,3,0,100.0,100.0,0,0,0,1,18,1,4,3,1,0,1,5,,0.38,0.12,4.2,50.0
Жl,ޗǃh[}[Y,16,18,33,4,45,288,113,34,39.2,27.4,59,14,18,4,144,6,25,27,196,90,57,123,23.7,2.51,0.09,4.5,60.5
c,g^ԃTz[NX,14,27,14,8,5,0,0,0,,,0,0,0,0,6,1,2,0,0,0,0,1,,0.0,0.0,8.3,
cL,N{^XsA[Y,17,22,39,4,37,81,28,5,34.6,28.4,0,0,0,0,89,2,2,12,203,109,42,30,,0.76,0.0,5.1,64.0
cl,ɃftB[m,7,0,6,0,0,0,0,0,,,0,0,0,0,0,0,0,0,0,0,0,0,,,,,
cC,FfB,17,19,40,4,47,17,10,1,58.8,52.9,0,0,0,9,185,5,15,38,0,0,0,24,,0.21,0.19,5.8,
c,ʃAUA,15,28,10,9,1,3,1,0,33.3,33.3,0,0,0,0,1,0,0,0,2,0,0,1,,1.0,0.0,0.0,0.0
c,N{^XsA[Y,9,22,39,4,59,32,16,2,50.0,43.8,0,0,0,18,235,7,20,58,2,0,1,41,,0.27,0.31,7.0,25.0
c^P,TtB@kC,12,26,36,6,36,0,0,0,,,0,0,0,0,42,1,3,13,0,0,0,1,,0.0,0.0,8.3,
cL,HAXkC,23,56,11,18,16,36,19,1,52.8,50.0,0,0,0,6,52,4,11,10,9,8,1,29,,1.19,0.38,7.2,94.4
cMV,HAXkC,3,56,11,18,18,51,31,5,60.8,51.0,0,0,0,11,71,3,4,20,7,7,0,45,,1.72,0.61,9.9,100.0
cČ,łgjeB[ubc,7,5,11,1,5,0,0,0,,,0,0,0,0,0,0,0,0,0,0,0,0,,0.0,0.0,,
C,ɃftB[m,2,11,21,2,1,0,0,0,,,0,0,0,0,1,0,1,0,0,0,0,0,,0.0,0.0,-25.0,
FV,g^ԃTz[NX,4,24,13,7,20,54,21,7,38.9,25.9,0,0,0,10,48,0,0,6,2,0,1,31,,1.05,0.5,3.1,25.0
Έa,ʃAUA,3,40,19,13,59,590,258,48,43.7,35.6,215,84,28,24,233,4,13,47,0,0,0,286,39.1,4.37,0.41,5.4,
Γnl@,ޗǃh[}[Y,19,14,27,4,29,0,0,0,,,0,0,0,0,0,0,0,0,157,80,33,0,,0.0,0.0,,61.5
΍,g^ԃTz[NX,12,32,22,9,51,155,82,9,52.9,47.1,0,0,0,29,119,2,25,14,11,6,3,113,,1.61,0.57,-0.6,68.2
΍,FfB,16,21,46,4,50,134,65,10,48.5,41.0,1,0,0,21,109,5,17,22,14,9,1,91,0.0,1.3,0.42,5.7,67.9
_Di,g^ԃTz[NX,22,32,22,9,18,0,0,0,,,0,0,0,0,15,1,0,1,8,3,3,1,,0.0,0.0,8.3,56.2
_JVI,xtH[gt@C^[Y,19,23,42,4,65,0,0,0,,,0,0,0,0,0,0,0,0,0,0,0,0,,0.0,0.0,,
TM,łgjeB[ubc,23,5,5,1,9,26,8,6,30.8,7.7,0,0,0,3,23,1,1,5,0,0,0,12,,0.89,0.33,8.7,
_Y,BAeBOd,18,53,17,17,51,10,6,0,60.0,60.0,1,0,0,20,144,3,6,24,3,0,1,29,0.0,0.12,0.39,5.2,16.7
FP,g^ԃTz[NX,11,32,22,9,53,0,0,0,,,0,0,0,0,0,0,0,0,184,101,44,0,,0.0,0.0,,66.8
V,tZELVA,11,4,15,0,9,4,0,0,0.0,0.0,1,0,0,0,1,0,0,0,0,0,0,0,0.0,0.0,0.0,0.0,
`r,xmʃJTLbhXsbc,21,22,5,7,18,41,26,1,63.4,61.0,15,10,0,0,30,4,9,5,0,0,0,30,66.7,1.44,0.0,10.0,
`Օ,ɃftB[m,10,7,12,2,0,0,0,0,,,0,0,0,0,0,0,0,0,0,0,0,0,,,,,
}[,ʃAUA,7,40,19,13,54,162,89,2,54.9,53.7,0,0,0,19,166,9,20,40,15,10,3,117,,1.65,0.35,8.4,76.7
䏠,ʃAUA,8,40,19,13,22,20,11,2,55.0,45.0,0,0,0,3,43,2,9,13,2,0,0,16,,0.5,0.14,7.0,0.0
Ď,N{^XsA[Y,12,22,39,4,16,18,3,0,16.7,16.7,0,0,0,0,15,0,1,4,0,0,0,3,,0.19,0.0,5.0,
ĎRb,xtH[gt@C^[Y,26,0,9,0,1,0,0,0,,,0,0,0,0,1,0,1,0,0,0,0,0,,0.0,0.0,-25.0,
đ,BAeBOd,6,10,4,3,1,0,0,0,,,0,0,0,0,1,0,0,1,0,0,0,0,,0.0,0.0,25.0,
đPP,TtB@kC,23,15,13,4,23,189,84,18,44.4,34.9,33,14,3,10,67,0,4,8,71,16,27,94,42.4,3.65,0.43,1.5,41.5
IVr,tZELVA,14,1,6,0,0,0,0,0,,,0,0,0,0,0,0,0,0,0,0,0,0,,,,,
׏H,xtH[gt@C^[Y,17,5,11,1,0,0,0,0,,,0,0,0,0,0,0,0,0,0,0,0,0,,,,,
Hx,tZELVA,23,5,27,0,14,13,5,2,38.5,23.1,0,0,0,1,12,0,3,1,2,1,1,6,,0.36,0.07,-4.2,75.0
o蕗l,FfB,1,21,46,4,10,0,0,0,,,0,0,0,0,6,0,0,0,20,7,5,0,,0.0,0.0,0.0,47.5
tqo,哯|bhX^[,17,33,28,9,17,1,1,0,100.0,100.0,0,0,0,0,23,0,0,4,0,0,0,1,,0.06,0.0,4.3,
ΖؗS,ʃAUA,17,40,19,13,1,1,1,0,100.0,100.0,0,0,0,0,0,0,0,0,0,0,0,1,,1.0,0.0,,
N,BAeBOd,15,53,17,17,20,10,3,0,30.0,30.0,1,1,0,0,38,3,2,8,1,1,0,6,100.0,0.15,0.0,11.8,100.0
rؓc,ʃAUA,20,24,6,8,7,20,9,0,45.0,45.0,0,0,0,3,14,1,0,3,1,1,0,13,,1.29,0.43,12.5,100.0
P,BAeBOd,1,53,17,17,39,84,36,5,42.9,36.9,6,4,1,3,84,2,13,11,184,94,46,41,66.7,0.92,0.08,1.8,63.6
c@,N{^XsA[Y,7,20,30,4,16,2,0,0,0.0,0.0,0,0,0,1,22,0,1,4,0,0,0,1,,0.0,0.06,3.4,
UcP,FfB,20,5,11,1,1,0,0,0,,,0,0,0,0,1,0,1,0,0,0,0,0,,0.0,0.0,-25.0,
M,ɃftB[m,9,3,18,0,4,5,4,0,80.0,80.0,0,0,0,0,3,0,2,0,0,0,0,4,,1.0,0.0,-16.7,
,ɃftB[m,15,24,37,6,13,42,19,7,45.2,28.6,19,6,3,0,21,1,4,3,0,0,0,20,31.6,1.46,0.0,3.6,
,TtB@kC,11,26,36,6,57,0,0,0,,,0,0,0,0,0,0,0,0,70,31,12,0,,0.0,0.0,,52.9
xC,g^ԃTz[NX,1,32,22,9,54,415,176,45,42.4,31.6,54,17,16,10,200,5,9,58,379,171,107,191,31.5,3.26,0.19,8.6,59.2
Vx,ɃftB[m,1,24,37,6,41,129,57,11,44.2,35.7,1,0,0,17,99,6,29,17,8,4,2,80,0.0,1.39,0.41,3.0,62.5
p,xmʃJTLbhXsbc,17,48,11,15,14,33,15,4,45.5,33.3,6,3,2,1,23,1,6,4,39,15,10,17,50.0,1.07,0.07,2.2,51.3
^,ޗǃh[}[Y,2,10,24,2,3,3,0,0,0.0,0.0,0,0,0,0,8,0,2,0,0,0,0,0,,0.0,0.0,-6.2,
zKW,BAeBOd,39,21,4,7,6,11,5,2,45.5,27.3,3,0,1,0,4,0,2,0,0,0,0,5,0.0,0.83,0.0,-12.5,
JTY,N{^XsA[Y,16,22,39,4,51,254,121,10,47.6,43.7,1,0,0,16,183,3,25,34,16,11,5,140,0.0,2.37,0.31,2.9,84.4
J쌋l,łgjeB[ubc,14,29,41,7,43,212,105,30,49.5,35.4,67,37,14,6,100,7,27,16,153,54,47,118,55.2,2.44,0.14,4.2,50.7
JC,xmʃJTLbhXsbc,14,57,11,18,63,391,237,34,60.6,51.9,97,56,12,10,281,24,74,84,372,169,108,271,57.7,3.76,0.16,9.4,59.9
Jzz,TtB@kC,2,30,41,7,70,103,44,2,42.7,40.8,0,0,0,31,243,9,20,56,28,10,9,84,,0.63,0.44,7.4,51.8
Jx,tZELVA,22,2,18,0,10,15,5,4,33.3,6.7,4,1,2,0,14,0,6,2,0,0,0,5,25.0,0.5,0.0,-7.1,
L,FfB,7,10,25,2,21,6,0,0,0.0,0.0,0,0,0,0,7,0,0,2,0,0,0,0,,0.0,0.0,7.1,
ԏ\,N{^XsA[Y,2,22,39,4,61,600,262,70,43.7,32.0,184,84,23,11,211,4,45,37,102,35,22,277,45.7,4.3,0.18,0.9,45.1
zD,HAXkC,7,56,11,18,45,205,91,10,44.4,39.5,21,13,1,20,191,21,30,54,237,105,59,132,61.9,2.02,0.44,14.1,56.8
ߓCl,ޗǃh[}[Y,17,25,48,5,70,50,29,3,58.0,52.0,0,0,0,6,240,6,38,61,7,0,1,41,,0.41,0.09,4.9,7.1
j,ɃftB[m,3,24,37,6,56,192,85,12,44.3,38.0,0,0,0,29,213,12,35,59,14,8,5,126,,1.52,0.52,8.5,75.0
Pl,tZELVA,21,8,33,0,40,0,0,0,,,0,0,0,0,0,0,0,0,125,61,26,0,,0.0,0.0,,59.2
x,HAXkC,17,56,11,18,26,155,78,11,50.3,43.2,28,15,4,6,90,3,22,11,143,81,32,87,53.6,3.0,0.23,0.3,67.8
򍄋`,tZELVA,25,2,15,0,15,66,28,5,42.4,34.8,7,2,2,2,36,0,2,9,59,22,18,30,28.6,1.87,0.13,4.9,52.5
VC`,tZELVA,6,9,42,0,34,0,0,0,,,0,0,0,0,2,1,0,0,187,102,42,1,,0.0,0.0,50.0,65.8
qDC,xtH[gt@C^[Y,16,23,42,4,0,0,0,0,,,0,0,0,0,0,0,0,0,0,0,0,0,,,,,
؋,΃iCebhSunGAIA,26,26,24,7,0,0,0,0,,,0,0,0,0,0,0,0,0,0,0,0,0,,,,,
ؗTl,TtB@kC,22,10,9,3,1,0,0,0,,,0,0,0,0,1,0,1,0,0,0,0,0,,0.0,0.0,-25.0,
cq,΃iCebhSunGAIA,10,33,35,8,68,697,308,72,44.2,33.9,292,117,38,11,242,2,28,46,4,3,0,321,40.1,4.53,0.16,2.7,75.0
,N{^XsA[Y,1,22,39,4,48,191,71,12,37.2,30.9,22,8,3,29,110,3,12,19,22,7,4,103,36.4,1.48,0.6,4.3,40.9
,TtB@kC,15,13,16,3,9,0,0,0,,,0,0,0,0,11,0,6,2,0,0,0,0,,0.0,0.0,-9.1,
_T,łgjeB[ubc,3,29,41,7,70,0,0,0,,,0,0,0,0,0,0,0,0,326,132,95,0,,0.0,0.0,,55.1
JR,xmʃJTLbhXsbc,18,57,11,18,57,15,6,1,40.0,33.3,0,0,0,19,199,9,20,69,1,0,0,34,,0.11,0.33,10.7,0.0
JD,哯|bhX^[,9,33,28,9,58,10,5,0,50.0,50.0,1,0,0,5,184,1,18,40,1,1,0,11,0.0,0.09,0.09,3.5,100.0
֍qJ,HAXkC,5,56,11,18,11,45,16,10,35.6,13.3,10,4,5,5,20,3,2,7,0,0,0,24,40.0,1.45,0.45,21.2,
㍪ʓl,N{^XsA[Y,6,22,39,4,39,134,36,23,26.9,9.7,4,1,1,3,108,0,17,26,371,190,85,39,25.0,0.92,0.08,2.1,62.7
gx,FfB,18,10,19,2,12,0,0,0,,,0,0,0,0,0,0,0,0,53,22,12,0,,0.0,0.0,,52.8
,xtH[gt@C^[Y,22,23,36,4,59,291,147,22,50.5,43.0,1,0,0,36,132,0,9,16,12,5,2,183,0.0,2.49,0.61,1.3,50.0
,TtB@kC,6,27,39,6,52,309,103,35,33.3,22.0,37,10,9,7,157,10,40,39,362,158,103,120,27.0,1.98,0.13,6.2,57.9
i,TtB@kC,1,19,33,4,33,0,0,0,,,0,0,0,0,4,0,1,1,223,72,79,0,,0.0,0.0,0.0,50.0
`,ɃftB[m,12,24,37,6,61,454,167,43,36.8,27.3,47,13,8,18,210,8,46,48,234,79,61,193,27.7,2.74,0.3,4.0,46.8
E,tZELVA,9,5,15,0,17,73,30,11,41.1,26.0,21,6,6,1,38,0,12,6,1,0,1,31,28.6,1.76,0.06,-3.9,50.0
a,ޗǃh[}[Y,8,23,36,5,46,0,0,0,,,0,0,0,0,18,0,0,7,141,68,34,0,,0.0,0.0,9.7,60.3
cW,tZELVA,18,10,48,0,29,101,38,11,37.6,26.7,5,0,3,0,56,2,16,7,123,56,35,40,0.0,1.31,0.0,-0.4,59.8
l,TtB@kC,20,30,41,7,55,450,206,39,45.8,37.1,65,32,10,25,171,10,41,28,222,65,68,241,49.2,3.75,0.45,3.9,44.6
ؗ,łgjeB[ubc,19,18,26,4,14,15,7,1,46.7,40.0,0,0,0,2,8,0,6,0,0,0,0,9,,0.5,0.14,-18.8,
V_M,xtH[gt@C^[Y,7,15,28,2,40,377,173,27,45.9,38.7,114,43,17,8,129,5,29,31,199,71,51,186,37.7,4.32,0.2,4.3,48.5
VM,tZELVA,3,9,45,0,37,91,40,7,44.0,36.3,1,1,0,20,92,3,16,19,3,1,1,63,100.0,1.08,0.54,4.1,50.0
VMI,tZELVA,7,6,39,0,31,0,0,0,,,0,0,0,0,38,0,6,8,0,0,0,0,,0.0,0.0,1.3,
