AA,AP,AE,ASucc%,AP/S,BAA,BAP,BAE,BASucc%,BP,BP/S,SVA,SVP,SVE,SVx,SVEff%,RA,Rx,Rg,RSucc%,MatchNo.,Date,Year,Month,Day,Place,Venue,Team,Op.Team,Director,Coach,Win_Set,Lose_Set,Total_Set,Win_Lose,Get_Point,Lose_Point,Game_Time,Start_Time,End_Time,Spectators,Jury,Chief_Umpire,Sub_Umpire,Judgeman,Home_Away,OpAA,OpAP,OpAE,OpASucc%,OpAP/S,OpBAA,OpBAP,OpBAE,OpBASucc%,OpBP,OpBP/S,OpSVA,OpSVP,OpSVE,OpSVx,OpSVEff%,OpRA,OpRx,OpRg,OpRSucc%
141,63,11,44.7,15.75,4,2,1,50.0,12,3.00,96,1,5,14,4.5,67,57.0,0.0,85.1,503,2001-12-08,2001,12,08,,ウカルちゃんアリーナ（滋賀県立体育館）,東レアローズ,武富士バンブー,達川 実,岸本太道,3,1,4,Win,97,76,92,14:00,15:41,2250,,石井洋壮,大依孝至,椙本一孝,Home,146,46,12,31.5,11.50,4,1,0,25.0,6,1.50,77,6,7,7,9.3,91,76.0,0.0,83.5
146,46,12,31.5,11.50,4,1,0,25.0,6,1.50,77,6,7,7,9.3,91,76.0,0.0,83.5,503,2001-12-08,2001,12,08,,ウカルちゃんアリーナ（滋賀県立体育館）,武富士バンブー,東レアローズ,石原昭久,安保澄,1,3,4,Lose,76,97,92,14:00,15:41,2250,,石井洋壮,大依孝至,椙本一孝,Away,141,63,11,44.7,15.75,4,2,1,50.0,12,3.00,96,1,5,14,4.5,67,57.0,0.0,85.1
111,49,6,44.1,16.33,4,1,0,25.0,8,2.67,74,3,6,21,10.6,64,39.0,0.0,60.9,501,2001-12-08,2001,12,08,,大阪府立体育会館,パイオニアレッドウィングス,東洋紡オーキス,ｱﾘｰ･ｾﾘﾝｼﾞｬｰ,佐々木みき,3,0,3,Win,76,65,71,14:08,15:25,2000,,伊藤博之,寺口克彦,宇代徹,Home,104,41,8,39.4,13.67,0,0,0,-,6,2.00,67,3,3,22,11.8,66,43.0,0.0,65.2
104,41,8,39.4,13.67,0,0,0,-,6,2.00,67,3,3,22,11.8,66,43.0,0.0,65.2,501,2001-12-08,2001,12,08,,大阪府立体育会館,東洋紡オーキス,パイオニアレッドウィングス,柳本晶一,山村政彦,0,3,3,Lose,65,76,71,14:08,15:25,2000,,伊藤博之,寺口克彦,宇代徹,Away,111,49,6,44.1,16.33,4,1,0,25.0,8,2.67,74,3,6,21,10.6,64,39.0,0.0,60.9
186,62,14,33.3,15.50,2,0,0,0.0,8,2.00,81,0,6,26,8.0,94,76.0,0.0,80.9,502,2001-12-08,2001,12,08,,大阪府立体育会館,デンソーエアリービーズ,シーガルズ,新卓芳樹,辻 健志,1,3,4,Lose,80,99,92,16:02,17:43,1850,,田野昭彦,大塚春夫,永江雅之,Home,169,65,5,38.5,16.25,2,0,0,0.0,10,2.50,98,0,4,18,4.6,75,49.0,0.0,65.3
169,65,5,38.5,16.25,2,0,0,0.0,10,2.50,98,0,4,18,4.6,75,49.0,0.0,65.3,502,2001-12-08,2001,12,08,,大阪府立体育会館,シーガルズ,デンソーエアリービーズ,河本昭義,溝田知茂,3,1,4,Win,99,80,92,16:02,17:43,1850,,田野昭彦,大塚春夫,永江雅之,Away,186,62,14,33.3,15.50,2,0,0,0.0,8,2.00,81,0,6,26,8.0,94,76.0,0.0,80.9
104,37,4,35.6,12.33,5,4,0,80.0,3,1.00,59,3,6,9,7.9,68,49.0,0.0,72.1,504,2001-12-08,2001,12,08,,ウカルちゃんアリーナ（滋賀県立体育館）,JTマーヴェラス,NECレッドロケッツ,一柳 昇,佐藤 稔,0,3,3,Lose,58,75,69,16:05,17:20,1950,,高橋憲太郎,三見洋子,野田達也,Home,101,55,6,54.5,18.33,5,1,1,20.0,8,2.67,74,2,5,18,8.5,53,41.0,0.0,77.4
101,55,6,54.5,18.33,5,1,1,20.0,8,2.67,74,2,5,18,8.5,53,41.0,0.0,77.4,504,2001-12-08,2001,12,08,,ウカルちゃんアリーナ（滋賀県立体育館）,NECレッドロケッツ,JTマーヴェラス,葛和伸元,山田晃豊,3,0,3,Win,75,58,69,16:05,17:20,1950,,高橋憲太郎,三見洋子,野田達也,Away,104,37,4,35.6,12.33,5,4,0,80.0,3,1.00,59,3,6,9,7.9,68,49.0,0.0,72.1
154,75,12,48.7,15.00,4,2,1,50.0,8,1.60,101,3,7,17,7.0,92,70.0,0.0,76.1,507,2001-12-09,2001,12,09,,ウカルちゃんアリーナ（滋賀県立体育館）,東レアローズ,NECレッドロケッツ,達川 実,岸本太道,3,2,5,Win,102,98,97,13:00,14:49,2300,,高橋憲太郎,三見洋子,野田達也,Home,137,63,10,46.0,12.60,5,1,2,20.0,10,2.00,99,5,4,20,9.7,92,74.0,0.0,80.4
137,63,10,46.0,12.60,5,1,2,20.0,10,2.00,99,5,4,20,9.7,92,74.0,0.0,80.4,507,2001-12-09,2001,12,09,,ウカルちゃんアリーナ（滋賀県立体育館）,NECレッドロケッツ,東レアローズ,葛和伸元,山田晃豊,2,3,5,Lose,98,102,97,13:00,14:49,2300,,高橋憲太郎,三見洋子,野田達也,Away,154,75,12,48.7,15.00,4,2,1,50.0,8,1.60,101,3,7,17,7.0,92,70.0,0.0,76.1
159,52,12,32.7,13.00,12,4,1,33.3,16,4.00,101,3,4,35,11.2,81,52.0,0.0,64.2,505,2001-12-09,2001,12,09,,大阪府立体育会館,パイオニアレッドウィングス,久光製薬スプリングス,ｱｰﾘｰ･ｾﾘﾝｼﾞｬｰ,佐々木みき,3,1,4,Win,104,94,100,14:00,15:49,1950,,伊藤博之,寺口克彦,和佐田信行,Home,166,67,13,40.4,16.75,11,2,0,18.2,7,1.75,95,0,14,29,7.6,96,59.0,0.0,61.5
166,67,13,40.4,16.75,11,2,0,18.2,7,1.75,95,0,14,29,7.6,96,59.0,0.0,61.5,505,2001-12-09,2001,12,09,,大阪府立体育会館,久光製薬スプリングス,パイオニアレッドウィングス,ｱﾋﾞﾀﾙ･ｾﾘﾝｼﾞｬｰ,番平 守,1,3,4,Lose,94,104,100,14:00,15:49,1950,,伊藤博之,寺口克彦,和佐田信行,Away,159,52,12,32.7,13.00,12,4,1,33.3,16,4.00,101,3,4,35,11.2,81,52.0,0.0,64.2
149,61,8,40.9,15.25,7,2,0,28.6,11,2.75,95,1,5,12,4.0,75,54.0,0.0,72.0,508,2001-12-09,2001,12,09,,ウカルちゃんアリーナ（滋賀県立体育館）,武富士バンブー,JTマーヴェラス,石原昭久,安保澄,3,1,4,Win,96,82,96,15:15,17:00,2300,,石井洋壮,大依孝至,小口広之進,Home,169,63,13,37.3,15.75,5,3,0,60.0,4,1.00,83,2,7,20,8.2,90,77.0,0.0,85.6
169,63,13,37.3,15.75,5,3,0,60.0,4,1.00,83,2,7,20,8.2,90,77.0,0.0,85.6,508,2001-12-09,2001,12,09,,ウカルちゃんアリーナ（滋賀県立体育館）,JTマーヴェラス,武富士バンブー,一柳 昇,佐藤 稔,1,3,4,Lose,82,96,96,15:15,17:00,2300,,石井洋壮,大依孝至,小口広之進,Away,149,61,8,40.9,15.25,7,2,0,28.6,11,2.75,95,1,5,12,4.0,75,54.0,0.0,72.0
206,71,10,34.5,14.20,17,5,1,29.4,8,1.60,110,3,10,27,8.3,96,64.0,0.0,66.7,506,2001-12-09,2001,12,09,,大阪府立体育会館,デンソーエアリービーズ,東洋紡オーキス,新卓芳樹,辻 健志,3,2,5,Win,111,101,110,16:25,18:27,1900,,田野昭彦,大塚春夫,永江雅之,Home,205,66,14,32.2,13.20,3,1,0,33.3,11,2.20,102,2,6,30,8.9,100,70.0,0.0,70.0
205,66,14,32.2,13.20,3,1,0,33.3,11,2.20,102,2,6,30,8.9,100,70.0,0.0,70.0,506,2001-12-09,2001,12,09,,大阪府立体育会館,東洋紡オーキス,デンソーエアリービーズ,柳本晶一,山村政彦,2,3,5,Lose,101,111,110,16:25,18:27,1900,,田野昭彦,大塚春夫,永江雅之,Away,206,71,10,34.5,14.20,17,5,1,29.4,8,1.60,110,3,10,27,8.3,96,64.0,0.0,66.7
201,66,12,32.8,13.20,3,1,1,33.3,14,2.80,108,1,7,12,3.7,101,87.0,0.0,86.1,509,2001-12-15,2001,12,15,,富山市総合体育館,東洋紡オーキス,東レアローズ,柳本晶一,山村政彦,2,3,5,Lose,107,110,113,14:00,16:05,3000,,田野昭彦,五十里勘司,砂川雅昭,Home,179,73,10,40.8,14.60,2,1,1,50.0,10,2.00,109,2,8,12,4.2,100,88.0,0.0,88.0
179,73,10,40.8,14.60,2,1,1,50.0,10,2.00,109,2,8,12,4.2,100,88.0,0.0,88.0,509,2001-12-15,2001,12,15,,富山市総合体育館,東レアローズ,東洋紡オーキス,達川 実,岸本太道,3,2,5,Win,110,107,113,14:00,16:05,3000,,田野昭彦,五十里勘司,砂川雅昭,Away,201,66,12,32.8,13.20,3,1,1,33.3,14,2.80,108,1,7,12,3.7,101,87.0,0.0,86.1
122,43,5,35.2,14.33,11,4,0,36.4,9,3.00,66,1,3,20,8.8,73,55.0,0.0,75.3,510,2001-12-15,2001,12,15,,富山市総合体育館,パイオニアレッドウィングス,シーガルズ,ｾﾘﾝｼﾞｬｰ･ｱｰﾘｰ,佐々木みき,0,3,3,Lose,64,80,73,16:42,18:01,2800,,三見洋子,藤井孝,高野俊弘,Home,138,62,4,44.9,20.67,1,1,0,100.0,8,2.67,78,1,5,17,6.5,63,42.0,0.0,66.7
138,62,4,44.9,20.67,1,1,0,100.0,8,2.67,78,1,5,17,6.5,63,42.0,0.0,66.7,510,2001-12-15,2001,12,15,,富山市総合体育館,シーガルズ,パイオニアレッドウィングス,河本昭義,溝田知茂,3,0,3,Win,80,64,73,16:42,18:01,2800,,三見洋子,藤井孝,高野俊弘,Away,122,43,5,35.2,14.33,11,4,0,36.4,9,3.00,66,1,3,20,8.8,73,55.0,0.0,75.3
181,66,11,36.5,13.20,2,2,0,100.0,11,2.20,102,6,9,17,9.3,100,73.0,0.0,73.0,511,2001-12-16,2001,12,16,,富山県西部体育センター,NECレッドロケッツ,デンソーエアリービーズ,葛和伸元,山田晃豊,3,2,5,Win,103,107,109,13:00,15:01,2300,,三見洋子,藤井孝,高野俊弘,Home,168,68,6,40.5,13.60,2,0,0,0.0,10,2.00,108,7,8,20,9.8,91,70.0,0.0,76.9
168,68,6,40.5,13.60,2,0,0,0.0,10,2.00,108,7,8,20,9.8,91,70.0,0.0,76.9,511,2001-12-16,2001,12,16,,富山県西部体育センター,デンソーエアリービーズ,NECレッドロケッツ,新卓芳樹,辻 健志,2,3,5,Lose,107,103,109,13:00,15:01,2300,,三見洋子,藤井孝,高野俊弘,Away,181,66,11,36.5,13.20,2,2,0,100.0,11,2.20,102,6,9,17,9.3,100,73.0,0.0,73.0
112,53,7,47.3,17.67,1,1,0,100.0,10,3.33,74,0,4,9,3.0,55,48.0,0.0,87.3,512,2001-12-16,2001,12,16,,富山県西部体育センター,シーガルズ,JTマーヴェラス,河本昭義,溝田知茂,3,0,3,Win,76,57,62,15:35,16:43,2300,,田野昭彦,五十里勘司,砂川雅昭,Home,107,36,6,33.6,12.00,2,0,1,0.0,6,2.00,59,1,4,6,3.9,70,61.0,0.0,87.1
107,36,6,33.6,12.00,2,0,1,0.0,6,2.00,59,1,4,6,3.9,70,61.0,0.0,87.1,512,2001-12-16,2001,12,16,,富山県西部体育センター,JTマーヴェラス,シーガルズ,一柳 昇,佐藤 稔,0,3,3,Lose,57,76,62,15:35,16:43,2300,,田野昭彦,五十里勘司,砂川雅昭,Away,112,53,7,47.3,17.67,1,1,0,100.0,10,3.33,74,0,4,9,3.0,55,48.0,0.0,87.3
113,34,12,30.1,11.33,1,0,0,0.0,9,3.00,56,1,4,14,7.7,69,47.0,0.0,68.1,513,2001-12-22,2001,12,22,,西尾市総合体育館,武富士バンブー,東洋紡オーキス,石原昭久,安保澄,0,3,3,Lose,55,75,66,14:00,15:12,1800,,田野敏彦,浅見靖人,古澤博丈,Home,118,43,4,36.4,14.33,4,1,0,25.0,9,3.00,74,5,4,18,11.8,52,37.0,0.0,71.2
118,43,4,36.4,14.33,4,1,0,25.0,9,3.00,74,5,4,18,11.8,52,37.0,0.0,71.2,513,2001-12-22,2001,12,22,,西尾市総合体育館,東洋紡オーキス,武富士バンブー,柳本晶一,山村政彦,3,0,3,Win,75,55,66,14:00,15:12,1800,,田野敏彦,浅見靖人,古澤博丈,Away,113,34,12,30.1,11.33,1,0,0,0.0,9,3.00,56,1,4,14,7.7,69,47.0,0.0,68.1
129,45,12,34.9,11.25,5,2,1,40.0,6,1.50,78,7,10,13,11.9,80,55.0,0.0,68.8,514,2001-12-22,2001,12,22,,西尾市総合体育館,デンソーエアリービーズ,久光製薬スプリングス,新卓芳樹,辻 健志,1,3,4,Lose,77,89,83,15:46,17:18,2950,,廣田修二,舘健一,永崎重文,Home,121,49,8,40.5,12.25,5,1,0,20.0,10,2.50,88,3,7,23,9.5,66,48.0,0.0,72.7
121,49,8,40.5,12.25,5,1,0,20.0,10,2.50,88,3,7,23,9.5,66,48.0,0.0,72.7,514,2001-12-22,2001,12,22,,西尾市総合体育館,久光製薬スプリングス,デンソーエアリービーズ,ｾﾘﾝｼﾞｬｰ･ｱﾋﾞﾀﾙ,番平 守,3,1,4,Win,89,77,83,15:46,17:18,2950,,廣田修二,舘健一,永崎重文,Away,129,45,12,34.9,11.25,5,2,1,40.0,6,1.50,78,7,10,13,11.9,80,55.0,0.0,68.8
151,69,11,45.7,17.25,7,5,1,71.4,14,3.50,95,3,11,26,9.4,71,50.0,0.0,70.4,515,2001-12-23,2001,12,23,,刈谷市体育館,久光製薬スプリングス,武富士バンブー,ｾﾘﾝｼﾞｬｰ･ｱﾋﾞﾀﾙ,番平 守,3,1,4,Win,96,73,85,13:00,14:34,2000,,広田修二,大下孝,古澤博丈,Home,137,37,6,27.0,9.25,12,5,1,41.7,10,2.50,74,1,3,20,7.8,84,55.0,0.0,65.5
137,37,6,27.0,9.25,12,5,1,41.7,10,2.50,74,1,3,20,7.8,84,55.0,0.0,65.5,515,2001-12-23,2001,12,23,,刈谷市体育館,武富士バンブー,久光製薬スプリングス,石原昭久,安保澄,1,3,4,Lose,73,96,85,13:00,14:34,2000,,広田修二,大下孝,古澤博丈,Away,151,69,11,45.7,17.25,7,5,1,71.4,14,3.50,95,3,11,26,9.4,71,50.0,0.0,70.4
99,37,5,37.4,12.33,5,1,0,20.0,9,3.00,74,2,8,19,8.6,54,37.0,0.0,68.5,516,2001-12-23,2001,12,23,,刈谷市体育館,東レアローズ,デンソーエアリービーズ,達川 実,岸本太道,3,0,3,Win,75,61,67,15:10,16:23,2500,,田野敏彦,浅見靖人,永崎重文,Home,109,41,13,37.6,13.67,4,1,1,25.0,6,2.00,62,0,8,17,6.9,66,45.0,0.0,68.2
109,41,13,37.6,13.67,4,1,1,25.0,6,2.00,62,0,8,17,6.9,66,45.0,0.0,68.2,516,2001-12-23,2001,12,23,,刈谷市体育館,デンソーエアリービーズ,東レアローズ,新卓芳樹,辻 健志,0,3,3,Lose,61,75,67,15:10,16:23,2500,,田野敏彦,浅見靖人,永崎重文,Away,99,37,5,37.4,12.33,5,1,0,20.0,9,3.00,74,2,8,19,8.6,54,37.0,0.0,68.5
111,58,5,52.3,19.33,4,0,1,0.0,7,2.33,74,2,6,32,13.2,57,44.0,0.0,77.2,517,2001-12-24,2001,12,24,,,NECレッドロケッツ,シーガルズ,葛和伸元,山田晃豊,3,0,3,Win,75,57,71,13:00,14:20,2800,,利根川忠志,狩野賢治,横坂末吉,Home,109,34,4,31.2,11.33,0,0,0,-,6,2.00,58,0,1,13,5.6,67,34.0,0.0,50.7
109,34,4,31.2,11.33,0,0,0,-,6,2.00,58,0,1,13,5.6,67,34.0,0.0,50.7,517,2001-12-24,2001,12,24,,,シーガルズ,NECレッドロケッツ,河本昭義,溝田知茂,0,3,3,Lose,57,75,71,13:00,14:20,2800,,利根川忠志,狩野賢治,横坂末吉,Away,111,58,5,52.3,19.33,4,0,1,0.0,7,2.33,74,2,6,32,13.2,57,44.0,0.0,77.2
136,55,5,40.4,13.75,4,0,1,0.0,13,3.25,89,3,4,21,8.8,85,68.0,0.0,80.0,518,2001-12-24,2001,12,24,,,JTマーヴェラス,パイオニアレッドウィングス,一柳 昇,佐藤 稔,1,3,4,Lose,88,95,86,14:53,16:28,2800,,小柴滋,大塚達也,安西紀明,Home,140,62,8,44.3,15.50,3,2,0,66.7,17,4.25,94,5,8,13,7.9,83,60.0,0.0,72.3
140,62,8,44.3,15.50,3,2,0,66.7,17,4.25,94,5,8,13,7.9,83,60.0,0.0,72.3,518,2001-12-24,2001,12,24,,,パイオニアレッドウィングス,JTマーヴェラス,ｾﾘﾝｼﾞｬｰ･ｱｰﾘｰ,印東玄弥,3,1,4,Win,95,88,86,14:53,16:28,2800,,小柴滋,大塚達也,安西紀明,Away,136,55,5,40.4,13.75,4,0,1,0.0,13,3.25,89,3,4,21,8.8,85,68.0,0.0,80.0
133,46,10,34.6,11.50,1,0,0,0.0,11,2.75,75,0,4,11,3.7,88,70.0,0.0,79.5,519,2002-01-12,2002,01,12,,ベイコム総合体育館,JTマーヴェラス,久光製薬スプリングス,一柳 昇,佐藤 稔,1,3,4,Lose,74,95,82,14:00,15:31,3200,,田野敏彦,赤井倫大,入江健治,Home,154,69,9,44.8,17.25,11,5,1,45.5,7,1.75,94,3,5,16,7.0,71,60.0,0.0,84.5
154,69,9,44.8,17.25,11,5,1,45.5,7,1.75,94,3,5,16,7.0,71,60.0,0.0,84.5,519,2002-01-12,2002,01,12,,ベイコム総合体育館,久光製薬スプリングス,JTマーヴェラス,ｾﾘﾝｼﾞｬｰ･ｱﾋﾞﾀﾙ,番平 守,3,1,4,Win,95,74,82,14:00,15:31,3200,,田野敏彦,赤井倫大,入江健治,Away,133,46,10,34.6,11.50,1,0,0,0.0,11,2.75,75,0,4,11,3.7,88,70.0,0.0,79.5
90,48,6,53.3,16.00,6,0,2,0.0,10,3.33,74,2,4,26,11.5,46,33.0,0.0,71.7,521,2002-01-12,2002,01,12,,,パイオニアレッドウィングス,武富士バンブー,ｾﾘﾝｼﾞｬｰ･ｱｰﾘｰ,印東玄弥,3,0,3,Win,75,49,64,14:00,15:10,2500,,佐々木克之,村上成司,仁藤誠,Home,102,33,9,32.4,11.00,8,3,0,37.5,3,1.00,50,1,4,12,7.6,68,42.0,0.0,61.8
102,33,9,32.4,11.00,8,3,0,37.5,3,1.00,50,1,4,12,7.6,68,42.0,0.0,61.8,521,2002-01-12,2002,01,12,,,武富士バンブー,パイオニアレッドウィングス,石原昭久,安保澄,0,3,3,Lose,49,75,64,14:00,15:10,2500,,佐々木克之,村上成司,仁藤誠,Away,90,48,6,53.3,16.00,6,0,2,0.0,10,3.33,74,2,4,26,11.5,46,33.0,0.0,71.7
109,45,3,41.3,15.00,0,0,0,-,16,5.33,75,3,7,17,9.1,53,43.0,0.0,81.1,520,2002-01-12,2002,01,12,,大阪府立体育会館,NECレッドロケッツ,東洋紡オーキス,葛和伸元,山田晃豊,3,0,3,Win,77,57,67,15:30,16:43,2500,,高橋憲太郎,大塚春夫,加藤純司,Home,115,36,6,31.3,12.00,0,0,0,-,7,2.33,58,0,4,10,4.3,67,48.0,0.0,71.6
115,36,6,31.3,12.00,0,0,0,-,7,2.33,58,0,4,10,4.3,67,48.0,0.0,71.6,520,2002-01-12,2002,01,12,,大阪府立体育会館,東洋紡オーキス,NECレッドロケッツ,柳本晶一,山村政彦,0,3,3,Lose,57,77,67,15:30,16:43,2500,,高橋憲太郎,大塚春夫,加藤純司,Away,109,45,3,41.3,15.00,0,0,0,-,16,5.33,75,3,7,17,9.1,53,43.0,0.0,81.1
170,73,4,42.9,18.25,4,2,0,50.0,8,2.00,97,1,10,27,8.0,84,73.0,0.0,86.9,522,2002-01-12,2002,01,12,,,東レアローズ,シーガルズ,達川 実,岸本太道,3,1,4,Win,98,87,91,15:42,17:22,2200,,斎藤篤,野沢正美,石井正宏,Home,167,57,8,34.1,14.25,1,0,0,0.0,8,2.00,88,2,3,9,4.4,86,59.0,0.0,68.6
167,57,8,34.1,14.25,1,0,0,0.0,8,2.00,88,2,3,9,4.4,86,59.0,0.0,68.6,522,2002-01-12,2002,01,12,,,シーガルズ,東レアローズ,河本昭義,溝田知茂,1,3,4,Lose,87,98,91,15:42,17:22,2200,,斎藤篤,野沢正美,石井正宏,Away,170,73,4,42.9,18.25,4,2,0,50.0,8,2.00,97,1,10,27,8.0,84,73.0,0.0,86.9
187,79,8,42.2,15.80,11,3,0,27.3,9,1.80,108,4,6,26,9.4,101,69.0,0.0,68.3,525,2002-01-13,2002,01,13,,,武富士バンブー,シーガルズ,石原昭久,安保澄,3,2,5,Win,109,105,113,13:00,15:05,2300,,斎藤篤,野沢正美,佐々木一孝,Home,209,75,7,35.9,15.00,4,1,0,25.0,8,1.60,106,3,4,30,9.5,100,72.0,0.0,72.0
209,75,7,35.9,15.00,4,1,0,25.0,8,1.60,106,3,4,30,9.5,100,72.0,0.0,72.0,525,2002-01-13,2002,01,13,,,シーガルズ,武富士バンブー,河本昭義,溝田知茂,2,3,5,Lose,105,109,113,13:00,15:05,2300,,斎藤篤,野沢正美,佐々木一孝,Away,187,79,8,42.2,15.80,11,3,0,27.3,9,1.80,108,4,6,26,9.4,101,69.0,0.0,68.3
126,41,4,32.5,13.67,3,0,1,0.0,4,1.33,59,2,3,17,9.9,73,58.0,0.0,79.5,523,2002-01-13,2002,01,13,,大阪府立体育会館,JTマーヴェラス,東洋紡オーキス,一柳 昇,佐藤 稔,0,3,3,Lose,58,75,64,14:00,15:10,2800,,高橋憲太郎,江下毅,中田昌之,Home,120,50,7,41.7,16.67,2,0,0,0.0,14,4.67,74,0,1,15,5.1,56,37.0,0.0,66.1
120,50,7,41.7,16.67,2,0,0,0.0,14,4.67,74,0,1,15,5.1,56,37.0,0.0,66.1,523,2002-01-13,2002,01,13,,大阪府立体育会館,東洋紡オーキス,JTマーヴェラス,柳本晶一,山村政彦,3,0,3,Win,75,58,64,14:00,15:10,2800,,高橋憲太郎,江下毅,中田昌之,Away,126,41,4,32.5,13.67,3,0,1,0.0,4,1.33,59,2,3,17,9.9,73,58.0,0.0,79.5
162,55,7,34.0,13.75,3,0,1,0.0,6,1.50,81,4,5,16,9.6,89,76.0,0.0,85.4,524,2002-01-13,2002,01,13,,,NECレッドロケッツ,久光製薬スプリングス,葛和伸元,山田晃豊,1,3,4,Lose,80,95,90,15:30,17:09,3200,,伊藤博之,稲見肇,入江健治,Home,140,58,8,41.4,14.50,9,1,2,11.1,18,4.50,94,2,5,11,4.6,73,56.0,0.0,76.7
140,58,8,41.4,14.50,9,1,2,11.1,18,4.50,94,2,5,11,4.6,73,56.0,0.0,76.7,524,2002-01-13,2002,01,13,,,久光製薬スプリングス,NECレッドロケッツ,ｾﾘﾝｼﾞｬｰ･ｱﾋﾞﾀﾙ,番平 守,3,1,4,Win,95,80,90,15:30,17:09,3200,,伊藤博之,稲見肇,入江健治,Away,162,55,7,34.0,13.75,3,0,1,0.0,6,1.50,81,4,5,16,9.6,89,76.0,0.0,85.4
156,63,10,40.4,12.60,10,1,3,10.0,7,1.40,93,2,8,18,6.8,100,51.0,0.0,51.0,526,2002-01-13,2002,01,13,,,パイオニアレッドウィングス,東レアローズ,ｾﾘﾝｼﾞｬｰ･ｱｰﾘｰ,印東玄弥,2,3,5,Lose,92,104,101,15:38,17:31,2300,,村上成司,佐々木克之,佐藤陽一,Home,165,68,11,41.2,13.60,8,3,0,37.5,12,2.40,103,2,2,48,13.4,84,65.0,0.0,77.4
165,68,11,41.2,13.60,8,3,0,37.5,12,2.40,103,2,2,48,13.4,84,65.0,0.0,77.4,526,2002-01-13,2002,01,13,,,東レアローズ,パイオニアレッドウィングス,達川 実,岸本太道,3,2,5,Win,104,92,101,15:38,17:31,2300,,村上成司,佐々木克之,佐藤陽一,Away,156,63,10,40.4,12.60,10,1,3,10.0,7,1.40,93,2,8,18,6.8,100,51.0,0.0,51.0
103,45,4,43.7,15.00,9,2,0,22.2,7,2.33,73,10,1,19,18.8,47,36.0,0.0,76.6,527,2002-01-14,2002,01,14,,ウインク体育館,デンソーエアリービーズ,JTマーヴェラス,新卓芳樹,辻 健志,3,0,3,Win,75,48,62,13:00,14:08,3200,,田野昭彦,田中昌宏,堀高徳,Home,112,36,6,32.1,12.00,1,0,0,0.0,6,2.00,50,0,3,11,5.5,67,43.0,0.0,64.2
112,36,6,32.1,12.00,1,0,0,0.0,6,2.00,50,0,3,11,5.5,67,43.0,0.0,64.2,527,2002-01-14,2002,01,14,,ウインク体育館,JTマーヴェラス,デンソーエアリービーズ,一柳 昇,佐藤 稔,0,3,3,Lose,48,75,62,13:00,14:08,3200,,田野昭彦,田中昌宏,堀高徳,Away,103,45,4,43.7,15.00,9,2,0,22.2,7,2.33,73,10,1,19,18.8,47,36.0,0.0,76.6
181,73,5,40.3,14.60,4,1,0,25.0,6,1.20,102,5,6,26,10.5,93,66.0,0.0,71.0,528,2002-01-14,2002,01,14,,ウインク体育館,久光製薬スプリングス,東洋紡オーキス,ｾﾘﾝｼﾞｬｰ･ｱﾋﾞﾀﾙ,番平 守,3,2,5,Win,103,94,106,14:40,16:38,3200,,石井洋壮,森岡伸次,坂口和宣,Home,187,68,9,36.4,13.60,4,0,2,0.0,11,2.20,95,2,2,25,8.3,95,65.0,0.0,68.4
187,68,9,36.4,13.60,4,0,2,0.0,11,2.20,95,2,2,25,8.3,95,65.0,0.0,68.4,528,2002-01-14,2002,01,14,,ウインク体育館,東洋紡オーキス,久光製薬スプリングス,柳本晶一,山村政彦,2,3,5,Lose,94,103,106,14:40,16:38,3200,,石井洋壮,森岡伸次,坂口和宣,Away,181,73,5,40.3,14.60,4,1,0,25.0,6,1.20,102,5,6,26,10.5,93,66.0,0.0,71.0
144,52,3,36.1,17.33,0,0,0,-,7,2.33,75,2,1,21,9.4,65,55.0,0.0,84.6,529,2002-01-19,2002,01,19,,,東洋紡オーキス,シーガルズ,柳本晶一,山村政彦,3,0,3,Win,76,67,77,14:00,15:23,2800,,塚本健,遠藤保司,松田智之,Home,140,50,8,35.7,16.67,0,0,0,-,10,3.33,68,0,3,10,3.7,73,51.0,0.0,69.9
140,50,8,35.7,16.67,0,0,0,-,10,3.33,68,0,3,10,3.7,73,51.0,0.0,69.9,529,2002-01-19,2002,01,19,,,シーガルズ,東洋紡オーキス,河本昭義,溝田知茂,0,3,3,Lose,67,76,77,14:00,15:23,2800,,塚本健,遠藤保司,松田智之,Away,144,52,3,36.1,17.33,0,0,0,-,7,2.33,75,2,1,21,9.4,65,55.0,0.0,84.6
137,65,7,47.4,16.25,6,0,0,0.0,6,1.50,96,3,8,33,11.3,78,45.0,0.0,57.7,531,2002-01-19,2002,01,19,,山形市総合スポーツセンター,パイオニアレッドウィングス,デンソーエアリービーズ,ｾﾘﾝｼﾞｬｰ･ｱｰﾘｰ,印東玄弥,3,1,4,Win,97,84,94,14:03,15:46,3200,,佐々木克之,石井正宏,須貝政則,Home,148,58,13,39.2,14.50,8,1,3,12.5,5,1.25,85,3,6,31,12.2,87,52.0,0.0,59.8
148,58,13,39.2,14.50,8,1,3,12.5,5,1.25,85,3,6,31,12.2,87,52.0,0.0,59.8,531,2002-01-19,2002,01,19,,山形市総合スポーツセンター,デンソーエアリービーズ,パイオニアレッドウィングス,新卓芳樹,辻 健志,1,3,4,Lose,84,97,94,14:03,15:46,3200,,佐々木克之,石井正宏,須貝政則,Away,137,65,7,47.4,16.25,6,0,0,0.0,6,1.50,96,3,8,33,11.3,78,45.0,0.0,57.7
148,62,9,41.9,15.50,5,2,0,40.0,7,1.75,94,4,9,24,10.2,77,62.0,0.0,80.5,530,2002-01-19,2002,01,19,,,東レアローズ,久光製薬スプリングス,達川 実,岸本太道,3,1,4,Win,95,85,93,15:56,17:38,2800,,石井洋壮,田代英明,本池弘昭,Home,151,57,7,37.7,14.25,3,1,1,33.3,6,1.50,86,1,8,15,5.5,83,57.0,0.0,68.7
151,57,7,37.7,14.25,3,1,1,33.3,6,1.50,86,1,8,15,5.5,83,57.0,0.0,68.7,530,2002-01-19,2002,01,19,,,久光製薬スプリングス,東レアローズ,ｱﾋﾞﾀﾙ･ｾﾘﾝｼﾞｬｰ,番平 守,1,3,4,Lose,85,95,93,15:56,17:38,2800,,石井洋壮,田代英明,本池弘昭,Away,148,62,9,41.9,15.50,5,2,0,40.0,7,1.75,94,4,9,24,10.2,77,62.0,0.0,80.5
157,67,8,42.7,16.75,3,0,0,0.0,6,1.50,100,4,7,37,12.7,74,54.0,0.0,73.0,532,2002-01-19,2002,01,19,,山形市総合スポーツセンター,NECレッドロケッツ,武富士バンブー,葛和伸元,山田晃豊,3,1,4,Win,101,88,95,16:25,18:09,2500,,斎藤篤,村上成司,横山満,Home,153,59,10,38.6,14.75,8,1,2,12.5,7,1.75,89,3,14,18,8.0,92,52.0,0.0,56.5
153,59,10,38.6,14.75,8,1,2,12.5,7,1.75,89,3,14,18,8.0,92,52.0,0.0,56.5,532,2002-01-19,2002,01,19,,山形市総合スポーツセンター,武富士バンブー,NECレッドロケッツ,石原昭久,安保澄,1,3,4,Lose,88,101,95,16:25,18:09,2500,,斎藤篤,村上成司,横山満,Away,157,67,8,42.7,16.75,3,0,0,0.0,6,1.50,100,4,7,37,12.7,74,54.0,0.0,73.0
121,55,9,45.5,18.33,1,0,1,0.0,9,3.00,71,1,10,9,4.3,73,57.0,0.0,78.1,533,2002-01-20,2002,01,20,,,久光製薬スプリングス,シーガルズ,ｱﾋﾞﾀﾙ･ｾﾘﾝｼﾞｬｰ,番平 守,0,3,3,Lose,70,77,72,13:00,14:18,2500,,石井洋壮,遠藤保司,松田智之,Home,102,48,2,47.1,16.00,0,0,0,-,10,3.33,76,0,3,16,5.3,61,51.0,0.0,83.6
102,48,2,47.1,16.00,0,0,0,-,10,3.33,76,0,3,16,5.3,61,51.0,0.0,83.6,533,2002-01-20,2002,01,20,,,シーガルズ,久光製薬スプリングス,河本昭義,溝田知茂,3,0,3,Win,77,70,72,13:00,14:18,2500,,石井洋壮,遠藤保司,松田智之,Away,121,55,9,45.5,18.33,1,0,1,0.0,9,3.00,71,1,10,9,4.3,73,57.0,0.0,78.1
186,72,11,38.7,14.40,0,0,0,-,14,2.80,108,6,8,34,13.2,94,72.0,0.0,76.6,535,2002-01-20,2002,01,20,,山形市総合スポーツセンター,NECレッドロケッツ,パイオニアレッドウィングス,葛和伸元,山田晃豊,2,3,5,Lose,107,103,112,13:00,15:04,5000,,村上成司,佐々木克之,横山満,Home,162,64,5,39.5,12.80,5,2,0,40.0,13,2.60,102,2,8,20,6.5,95,60.0,0.0,63.2
162,64,5,39.5,12.80,5,2,0,40.0,13,2.60,102,2,8,20,6.5,95,60.0,0.0,63.2,535,2002-01-20,2002,01,20,,山形市総合スポーツセンター,パイオニアレッドウィングス,NECレッドロケッツ,ｾﾘﾝｼﾞｬｰ･ｱｰﾘｰ,佐々木みき,3,2,5,Win,103,107,112,13:00,15:04,5000,,村上成司,佐々木克之,横山満,Away,186,72,11,38.7,14.40,0,0,0,-,14,2.80,108,6,8,34,13.2,94,72.0,0.0,76.6
132,55,5,41.7,13.75,2,0,0,0.0,11,2.75,85,2,8,15,6.3,85,62.0,0.0,72.9,534,2002-01-20,2002,01,20,,,JTマーヴェラス,東レアローズ,一柳 昇,佐藤 稔,1,3,4,Lose,84,95,85,14:55,16:29,2850,,塚本健,田代英明,本池弘昭,Home,124,69,4,55.6,17.25,2,0,0,0.0,11,2.75,94,0,9,23,6.1,77,60.0,0.0,77.9
124,69,4,55.6,17.25,2,0,0,0.0,11,2.75,94,0,9,23,6.1,77,60.0,0.0,77.9,534,2002-01-20,2002,01,20,,,東レアローズ,JTマーヴェラス,達川 実,岸本太道,3,1,4,Win,95,84,85,14:55,16:29,2850,,塚本健,田代英明,本池弘昭,Away,132,55,5,41.7,13.75,2,0,0,0.0,11,2.75,85,2,8,15,6.3,85,62.0,0.0,72.9
115,45,8,39.1,15.00,8,2,1,25.0,12,4.00,73,2,7,16,7.9,52,42.0,0.0,80.8,536,2002-01-20,2002,01,20,,山形市総合スポーツセンター,武富士バンブー,デンソーエアリービーズ,石原昭久,安保澄,3,0,3,Win,75,59,67,15:40,16:53,2800,,斎藤篤,石井正宏,吉田剛,Home,112,33,7,29.5,11.00,6,1,0,16.7,3,1.00,61,6,6,7,11.7,65,48.0,0.0,73.8
112,33,7,29.5,11.00,6,1,0,16.7,3,1.00,61,6,6,7,11.7,65,48.0,0.0,73.8,536,2002-01-20,2002,01,20,,山形市総合スポーツセンター,デンソーエアリービーズ,武富士バンブー,新卓芳樹,辻 健志,0,3,3,Lose,59,75,67,15:40,16:53,2800,,斎藤篤,石井正宏,吉田剛,Away,115,45,8,39.1,15.00,8,2,1,25.0,12,4.00,73,2,7,16,7.9,52,42.0,0.0,80.8
136,67,5,49.3,16.75,5,1,0,20.0,10,2.50,92,3,6,13,6.4,83,69.0,0.0,83.1,539,2002-01-26,2002,01,26,,京都府立体育館,久光製薬スプリングス,東洋紡オーキス,ｾﾘﾝｼﾞｬｰ･ｱﾋﾞﾀﾙ,番平 守,3,1,4,Win,93,87,93,14:00,15:42,1497,,勝又正,小野将人,関加寿士,Home,143,58,7,40.6,14.50,0,0,0,-,9,2.25,88,3,4,12,6.4,85,70.0,0.0,82.4
143,58,7,40.6,14.50,0,0,0,-,9,2.25,88,3,4,12,6.4,85,70.0,0.0,82.4,539,2002-01-26,2002,01,26,,京都府立体育館,東洋紡オーキス,久光製薬スプリングス,柳本晶一,山村政彦,1,3,4,Lose,87,93,93,14:00,15:42,1497,,勝又正,小野将人,関加寿士,Away,136,67,5,49.3,16.75,5,1,0,20.0,10,2.50,92,3,6,13,6.4,83,69.0,0.0,83.1
146,47,15,32.2,11.75,11,5,1,45.5,16,4.00,75,1,8,30,11.1,90,46.0,0.0,51.1,537,2002-01-26,2002,01,26,,,武富士バンブー,JTマーヴェラス,石原昭久,安保澄,1,3,4,Lose,74,96,81,15:30,17:00,3800,,田野昭彦,大塚春夫,宮階和世,Home,150,63,4,42.0,15.75,1,0,0,0.0,8,2.00,95,1,5,43,12.2,67,36.0,0.0,53.7
150,63,4,42.0,15.75,1,0,0,0.0,8,2.00,95,1,5,43,12.2,67,36.0,0.0,53.7,537,2002-01-26,2002,01,26,,,JTマーヴェラス,武富士バンブー,一柳 昇,佐藤 稔,3,1,4,Win,96,74,81,15:30,17:00,3800,,田野昭彦,大塚春夫,宮階和世,Away,146,47,15,32.2,11.75,11,5,1,45.5,16,4.00,75,1,8,30,11.1,90,46.0,0.0,51.1
146,56,4,38.4,14.00,1,0,0,0.0,20,5.00,97,1,6,9,3.1,80,62.0,0.0,77.5,540,2002-01-26,2002,01,26,,京都府立体育館,シーガルズ,デンソーエアリービーズ,河本昭義,溝田知茂,3,1,4,Win,98,86,93,16:15,17:57,1573,,高橋憲太郎,高倉将佳,山名英夫,Home,177,63,11,35.6,15.75,2,0,1,0.0,6,1.50,87,3,6,16,7.6,91,81.0,0.0,89.0
177,63,11,35.6,15.75,2,0,1,0.0,6,1.50,87,3,6,16,7.6,91,81.0,0.0,89.0,540,2002-01-26,2002,01,26,,京都府立体育館,デンソーエアリービーズ,シーガルズ,新卓芳樹,辻 健志,1,3,4,Lose,86,98,93,16:15,17:57,1573,,高橋憲太郎,高倉将佳,山名英夫,Away,146,56,4,38.4,14.00,1,0,0,0.0,20,5.00,97,1,6,9,3.1,80,62.0,0.0,77.5
184,73,13,39.7,14.60,4,0,3,0.0,6,1.20,102,5,4,49,16.1,101,69.0,0.0,68.3,538,2002-01-26,2002,01,26,,,NECレッドロケッツ,パイオニアレッドウィングス,葛和伸元,山田晃豊,2,3,5,Lose,101,107,106,17:35,19:33,3400,,伊藤博之,田野敏彦,宇代徹,Home,154,65,5,42.2,13.00,4,1,1,25.0,19,3.80,106,3,5,29,9.1,97,44.0,0.0,45.4
154,65,5,42.2,13.00,4,1,1,25.0,19,3.80,106,3,5,29,9.1,97,44.0,0.0,45.4,538,2002-01-26,2002,01,26,,,パイオニアレッドウィングス,NECレッドロケッツ,ｱｰﾘｰ･ｾﾘﾝｼﾞｬｰ,佐々木みき,3,2,5,Win,107,101,106,17:35,19:33,3400,,伊藤博之,田野敏彦,宇代徹,Away,184,73,13,39.7,14.60,4,0,3,0.0,6,1.20,102,5,4,49,16.1,101,69.0,0.0,68.3
105,43,8,41.0,14.33,1,0,0,0.0,12,4.00,74,6,3,14,11.8,45,39.0,0.0,86.7,543,2002-01-27,2002,01,27,,京都府立体育館,NECレッドロケッツ,東洋紡オーキス,葛和伸元,山田晃豊,3,0,3,Win,75,50,71,13:05,14:22,2300,,勝又正,小野将人,関加寿士,Home,110,35,6,31.8,11.67,2,0,1,0.0,3,1.00,51,1,5,6,4.9,69,51.0,0.0,73.9
110,35,6,31.8,11.67,2,0,1,0.0,3,1.00,51,1,5,6,4.9,69,51.0,0.0,73.9,543,2002-01-27,2002,01,27,,京都府立体育館,東洋紡オーキス,NECレッドロケッツ,柳本晶一,山村政彦,0,3,3,Lose,50,75,71,13:05,14:22,2300,,勝又正,小野将人,関加寿士,Away,105,43,8,41.0,14.33,1,0,0,0.0,12,4.00,74,6,3,14,11.8,45,39.0,0.0,86.7
110,34,3,30.9,11.33,2,2,0,100.0,3,1.00,56,2,3,5,5.1,67,49.0,0.0,73.1,541,2002-01-27,2002,01,27,,,JTマーヴェラス,久光製薬スプリングス,一柳 昇,佐藤 稔,0,3,3,Lose,54,75,57,14:01,15:04,3200,,田野昭彦,大塚春夫,田中仁,Home,105,49,7,46.7,16.33,5,2,0,40.0,15,5.00,73,2,6,16,7.7,53,46.0,0.0,86.8
105,49,7,46.7,16.33,5,2,0,40.0,15,5.00,73,2,6,16,7.7,53,46.0,0.0,86.8,541,2002-01-27,2002,01,27,,,久光製薬スプリングス,JTマーヴェラス,ｾﾘﾝｼﾞｬｰ･ｱﾋﾞﾀﾙ,番平 守,3,0,3,Win,75,54,57,14:01,15:04,3200,,田野昭彦,大塚春夫,田中仁,Away,110,34,3,30.9,11.33,2,2,0,100.0,3,1.00,56,2,3,5,5.1,67,49.0,0.0,73.1
95,55,2,57.9,18.33,2,0,0,0.0,3,1.00,73,4,5,5,6.6,51,45.0,0.0,88.2,544,2002-01-27,2002,01,27,,京都府立体育館,東レアローズ,デンソーエアリービーズ,達川 実,岸本太道,3,0,3,Win,75,58,69,14:55,16:10,2600,,高橋憲太郎,小谷潔,山本修,Home,97,43,4,44.3,14.33,0,0,0,-,4,1.33,60,3,6,6,7.5,66,59.0,0.0,89.4
97,43,4,44.3,14.33,0,0,0,-,4,1.33,60,3,6,6,7.5,66,59.0,0.0,89.4,544,2002-01-27,2002,01,27,,京都府立体育館,デンソーエアリービーズ,東レアローズ,新卓芳樹,辻 健志,0,3,3,Lose,58,75,69,14:55,16:10,2600,,高橋憲太郎,小谷潔,山本修,Away,95,55,2,57.9,18.33,2,0,0,0.0,3,1.00,73,4,5,5,6.6,51,45.0,0.0,88.2
165,68,11,41.2,13.60,0,0,0,-,15,3.00,108,5,3,35,12.4,87,59.0,0.0,67.8,542,2002-01-27,2002,01,27,,,シーガルズ,パイオニアレッドウィングス,河本昭義,溝田知茂,3,2,5,Win,108,94,103,15:50,17:45,3800,,田野敏彦,江下毅,高田宜孝,Home,190,66,9,34.7,13.20,4,1,0,25.0,5,1.00,94,1,7,27,8.0,102,65.0,0.0,63.7
190,66,9,34.7,13.20,4,1,0,25.0,5,1.00,94,1,7,27,8.0,102,65.0,0.0,63.7,542,2002-01-27,2002,01,27,,,パイオニアレッドウィングス,シーガルズ,ｾﾘﾝｼﾞｬｰ･ｱｰﾘｰ,佐々木みき,2,3,5,Lose,94,108,103,15:50,17:45,3800,,田野敏彦,江下毅,高田宜孝,Away,165,68,11,41.2,13.60,0,0,0,-,15,3.00,108,5,3,35,12.4,87,59.0,0.0,67.8
132,65,6,49.2,16.25,5,2,0,40.0,12,3.00,97,4,9,19,8.6,75,60.0,0.0,80.0,547,2002-02-02,2002,02,02,,,パイオニアレッドウィングス,東洋紡オーキス,ｾﾘﾝｼﾞｬｰ･ｱｰﾘｰ,印東玄弥,3,1,4,Win,98,79,92,14:00,15:41,1700,,佐々木克之,阿部広太郎,白幡達雄,Home,147,56,12,38.1,14.00,1,0,0,0.0,6,1.50,80,1,5,14,5.4,86,65.0,0.0,75.6
147,56,12,38.1,14.00,1,0,0,0.0,6,1.50,80,1,5,14,5.4,86,65.0,0.0,75.6,547,2002-02-02,2002,02,02,,,東洋紡オーキス,パイオニアレッドウィングス,柳本晶一,山村政彦,1,3,4,Lose,79,98,92,14:00,15:41,1700,,佐々木克之,阿部広太郎,白幡達雄,Away,132,65,6,49.2,16.25,5,2,0,40.0,12,3.00,97,4,9,19,8.6,75,60.0,0.0,80.0
178,75,10,42.1,15.00,1,0,1,0.0,16,3.20,103,0,6,28,6.8,99,78.0,0.0,78.8,545,2002-02-02,2002,02,02,,,東レアローズ,久光製薬スプリングス,達川 実,岸本太道,2,3,5,Lose,102,105,108,14:05,16:05,2469,,小林朝実,田代英明,黒沢勝秀,Home,182,69,8,37.9,13.80,2,0,1,0.0,12,2.40,104,3,3,20,7.5,97,69.0,0.0,71.1
182,69,8,37.9,13.80,2,0,1,0.0,12,2.40,104,3,3,20,7.5,97,69.0,0.0,71.1,545,2002-02-02,2002,02,02,,,久光製薬スプリングス,東レアローズ,ｾﾘﾝｼﾞｬｰ･ｱﾋﾞﾀﾙ,番平 守,3,2,5,Win,105,102,108,14:05,16:05,2469,,小林朝実,田代英明,黒沢勝秀,Away,178,75,10,42.1,15.00,1,0,1,0.0,16,3.20,103,0,6,28,6.8,99,78.0,0.0,78.8
138,52,4,37.7,13.00,2,0,0,0.0,11,2.75,90,0,4,19,5.3,73,55.0,0.0,75.3,548,2002-02-02,2002,02,02,,,シーガルズ,武富士バンブー,河本昭義,溝田知茂,3,1,4,Win,91,79,87,16:15,17:51,1500,,村上成司,佐々木功,渡部隆一,Home,161,57,13,35.4,14.25,9,4,2,44.4,6,1.50,80,4,6,15,8.9,86,67.0,0.0,77.9
161,57,13,35.4,14.25,9,4,2,44.4,6,1.50,80,4,6,15,8.9,86,67.0,0.0,77.9,548,2002-02-02,2002,02,02,,,武富士バンブー,シーガルズ,石原昭久,安保澄,1,3,4,Lose,79,91,87,16:15,17:51,1500,,村上成司,佐々木功,渡部隆一,Away,138,52,4,37.7,13.00,2,0,0,0.0,11,2.75,90,0,4,19,5.3,73,55.0,0.0,75.3
86,36,5,41.9,12.00,2,1,0,50.0,3,1.00,60,1,4,4,3.0,59,44.0,0.0,74.6,546,2002-02-02,2002,02,02,,,JTマーヴェラス,NECレッドロケッツ,一柳 昇,佐藤 稔,0,3,3,Lose,58,75,64,16:40,17:50,2469,,利根川 忠史,大畠 康弘,藤原 幸一,Home,94,52,7,55.3,17.33,0,0,0,-,6,2.00,73,7,11,11,12.3,56,51.0,0.0,91.1
94,52,7,55.3,17.33,0,0,0,-,6,2.00,73,7,11,11,12.3,56,51.0,0.0,91.1,546,2002-02-02,2002,02,02,,,NECレッドロケッツ,JTマーヴェラス,葛和伸元,山田晃豊,3,0,3,Win,75,58,64,16:40,17:50,2469,,利根川 忠史,大畠 康弘,藤原 幸一,Away,86,36,5,41.9,12.00,2,1,0,50.0,3,1.00,60,1,4,4,3.0,59,44.0,0.0,74.6
162,70,13,43.2,17.50,1,0,0,0.0,5,1.25,87,3,4,13,6.7,86,71.0,0.0,82.6,549,2002-02-03,2002,02,03,,,東洋紡オーキス,シーガルズ,柳本晶一,山村政彦,1,3,4,Lose,86,90,87,13:00,14:36,1500,,佐々木克之,阿部広太郎,渡部隆一,Home,143,59,3,41.3,14.75,0,0,0,-,12,3.00,89,0,3,15,4.2,82,67.0,0.0,81.7
143,59,3,41.3,14.75,0,0,0,-,12,3.00,89,0,3,15,4.2,82,67.0,0.0,81.7,549,2002-02-03,2002,02,03,,,シーガルズ,東洋紡オーキス,河本昭義,溝田知茂,3,1,4,Win,90,86,87,13:00,14:36,1500,,佐々木克之,阿部広太郎,渡部隆一,Away,162,70,13,43.2,17.50,1,0,0,0.0,5,1.25,87,3,4,13,6.7,86,71.0,0.0,82.6
167,55,12,32.9,11.00,9,3,1,33.3,23,4.60,106,6,6,29,11.6,87,64.0,0.0,73.6,550,2002-02-03,2002,02,03,,,武富士バンブー,デンソーエアリービーズ,石原昭久,安保澄,2,3,5,Lose,106,93,110,15:11,17:13,1300,,村上成司,佐々木功,白幡達雄,Home,195,66,10,33.8,13.20,6,2,0,33.3,5,1.00,93,1,6,22,6.8,99,65.0,0.0,65.7
195,66,10,33.8,13.20,6,2,0,33.3,5,1.00,93,1,6,22,6.8,99,65.0,0.0,65.7,550,2002-02-03,2002,02,03,,,デンソーエアリービーズ,武富士バンブー,新卓芳樹,辻 健志,3,2,5,Win,93,106,110,15:11,17:13,1300,,村上成司,佐々木功,白幡達雄,Away,167,55,12,32.9,11.00,9,3,1,33.3,23,4.60,106,6,6,29,11.6,87,64.0,0.0,73.6
126,48,8,38.1,16.00,1,0,0,0.0,1,0.33,63,1,2,9,4.8,68,52.0,0.0,76.5,551,2002-02-09,2002,02,09,,,東洋紡オーキス,デンソーエアリービーズ,柳本晶一,山村政彦,0,3,3,Lose,62,76,66,13:00,14:12,2542,,塚本健,代居正巳,松原眞一郎,Home,113,53,5,46.9,17.67,0,0,0,-,7,2.33,75,4,5,14,9.5,61,51.0,0.0,83.6
113,53,5,46.9,17.67,0,0,0,-,7,2.33,75,4,5,14,9.5,61,51.0,0.0,83.6,551,2002-02-09,2002,02,09,,,デンソーエアリービーズ,東洋紡オーキス,新卓芳樹,辻 健志,3,0,3,Win,76,62,66,13:00,14:12,2542,,塚本健,代居正巳,松原眞一郎,Away,126,48,8,38.1,16.00,1,0,0,0.0,1,0.33,63,1,2,9,4.8,68,52.0,0.0,76.5
151,65,10,43.0,16.25,1,0,0,0.0,5,1.25,86,2,8,17,7.0,90,63.0,0.0,70.0,552,2002-02-09,2002,02,09,,,JTマーヴェラス,東レアローズ,一柳 昇,佐藤 稔,1,3,4,Lose,85,97,86,13:50,16:25,2542,,中馬義朗,山田禎郎,星川成人,Home,132,67,5,50.8,16.75,0,0,0,-,7,1.75,96,1,6,26,7.6,77,59.0,0.0,76.6
132,67,5,50.8,16.75,0,0,0,-,7,1.75,96,1,6,26,7.6,77,59.0,0.0,76.6,552,2002-02-09,2002,02,09,,,東レアローズ,JTマーヴェラス,達川 実,岸本太道,3,1,4,Win,97,85,86,13:50,16:25,2542,,中馬義朗,山田禎郎,星川成人,Away,151,65,10,43.0,16.25,1,0,0,0.0,5,1.25,86,2,8,17,7.0,90,63.0,0.0,70.0
117,52,5,44.4,17.33,4,3,0,75.0,7,2.33,73,0,5,14,4.8,62,48.0,0.0,77.4,553,2002-02-10,2002,02,10,,,武富士バンブー,NECレッドロケッツ,石原昭久,安保澄,3,0,3,Win,75,65,75,13:00,14:21,3600,,大塚達也,堀越由高,成嶋満,Home,124,42,11,33.9,14.00,1,1,0,100.0,6,2.00,67,2,4,13,7.5,68,54.0,0.0,79.4
124,42,11,33.9,14.00,1,1,0,100.0,6,2.00,67,2,4,13,7.5,68,54.0,0.0,79.4,553,2002-02-10,2002,02,10,,,NECレッドロケッツ,武富士バンブー,葛和伸元,山田晃豊,0,3,3,Lose,65,75,75,13:00,14:21,3600,,大塚達也,堀越由高,成嶋満,Away,117,52,5,44.4,17.33,4,3,0,75.0,7,2.33,73,0,5,14,4.8,62,48.0,0.0,77.4
131,51,10,38.9,17.00,0,0,0,-,8,2.67,80,3,2,26,11.9,69,45.0,0.0,65.2,555,2002-02-10,2002,02,10,,八代市総合体育館,東洋紡オーキス,東レアローズ,柳本晶一,山村政彦,3,0,3,Win,81,73,80,13:00,14:26,2809,,中馬義朗,代居正巳,松原眞一郎,Home,144,51,10,35.4,17.00,2,0,0,0.0,8,2.67,73,1,3,24,9.6,75,49.0,0.0,65.3
144,51,10,35.4,17.00,2,0,0,0.0,8,2.67,73,1,3,24,9.6,75,49.0,0.0,65.3,555,2002-02-10,2002,02,10,,八代市総合体育館,東レアローズ,東洋紡オーキス,達川 実,岸本太道,0,3,3,Lose,73,81,80,13:00,14:26,2809,,中馬義朗,代居正巳,松原眞一郎,Away,131,51,10,38.9,17.00,0,0,0,-,8,2.67,80,3,2,26,11.9,69,45.0,0.0,65.2
162,61,10,37.7,12.20,19,7,1,36.8,14,2.80,101,4,2,13,6.6,91,63.0,0.0,69.2,554,2002-02-10,2002,02,10,,,パイオニアレッドウィングス,久光製薬スプリングス,ｾﾘﾝｼﾞｬｰ･ｱｰﾘｰ,印東玄弥,2,3,5,Lose,100,95,98,14:56,16:46,4964,,小林朝実,富田満,堀江朋一,Home,198,70,12,35.4,14.00,3,1,0,33.3,10,2.00,94,1,3,27,8.0,98,82.0,0.0,83.7
198,70,12,35.4,14.00,3,1,0,33.3,10,2.00,94,1,3,27,8.0,98,82.0,0.0,83.7,554,2002-02-10,2002,02,10,,,久光製薬スプリングス,パイオニアレッドウィングス,ｾﾘﾝｼﾞｬｰ･ｱﾋﾞﾀﾙ,番平 守,3,2,5,Win,95,100,98,14:56,16:46,4964,,小林朝実,富田満,堀江朋一,Away,162,61,10,37.7,12.20,19,7,1,36.8,14,2.80,101,4,2,13,6.6,91,63.0,0.0,69.2
180,76,9,42.2,15.20,1,0,0,0.0,9,1.80,104,1,6,25,6.8,96,73.0,0.0,76.0,556,2002-02-10,2002,02,10,,八代市総合体育館,JTマーヴェラス,シーガルズ,一柳 昇,佐藤 稔,2,3,5,Lose,104,103,102,15:05,16:59,3031,,塚本健,山田禎郎,星川成人,Home,177,76,8,42.9,15.20,0,0,0,-,10,2.00,103,2,6,22,7.1,98,72.0,0.0,73.5
177,76,8,42.9,15.20,0,0,0,-,10,2.00,103,2,6,22,7.1,98,72.0,0.0,73.5,556,2002-02-10,2002,02,10,,八代市総合体育館,シーガルズ,JTマーヴェラス,河本昭義,溝田知茂,3,2,5,Win,103,104,102,15:05,16:59,3031,,塚本健,山田禎郎,星川成人,Away,180,76,9,42.2,15.20,1,0,0,0.0,9,1.80,104,1,6,25,6.8,96,73.0,0.0,76.0
110,36,4,32.7,12.00,1,0,0,0.0,9,3.00,63,1,3,16,7.9,70,48.0,0.0,68.6,557,2002-02-11,2002,02,11,,,久光製薬スプリングス,NECレッドロケッツ,ｾﾘﾝｼﾞｬｰ･ｱﾋﾞﾀﾙ,番平 守,0,3,3,Lose,62,75,73,13:00,14:19,3500,,勝又正,大塚達也,原一郎,Home,123,53,10,43.1,17.67,2,0,1,0.0,6,2.00,74,5,2,19,12.4,59,43.0,0.0,72.9
123,53,10,43.1,17.67,2,0,1,0.0,6,2.00,74,5,2,19,12.4,59,43.0,0.0,72.9,557,2002-02-11,2002,02,11,,,NECレッドロケッツ,久光製薬スプリングス,葛和伸元,山田晃豊,3,0,3,Win,75,62,73,13:00,14:19,3500,,勝又正,大塚達也,原一郎,Away,110,36,4,32.7,12.00,1,0,0,0.0,9,3.00,63,1,3,16,7.9,70,48.0,0.0,68.6
163,73,11,44.8,18.25,2,0,1,0.0,9,2.25,100,2,3,23,7.5,89,66.0,0.0,74.2,559,2002-02-11,2002,02,11,,人吉スポーツパレス,東レアローズ,シーガルズ,達川 実,岸本太道,3,1,4,Win,101,94,96,14:00,15:45,2327,,塚本健,中馬義郎,松原眞一郎,Home,166,63,12,38.0,15.75,1,0,1,0.0,6,1.50,95,4,4,21,9.3,96,72.0,0.0,75.0
166,63,12,38.0,15.75,1,0,1,0.0,6,1.50,95,4,4,21,9.3,96,72.0,0.0,75.0,559,2002-02-11,2002,02,11,,人吉スポーツパレス,シーガルズ,東レアローズ,河本昭義,溝田知茂,1,3,4,Lose,94,101,96,14:00,15:45,2327,,塚本健,中馬義郎,松原眞一郎,Away,163,73,11,44.8,18.25,2,0,1,0.0,9,2.25,100,2,3,23,7.5,89,66.0,0.0,74.2
91,32,6,35.2,10.67,3,1,0,33.3,4,1.33,60,1,4,15,7.9,63,57.0,0.0,90.5,558,2002-02-11,2002,02,11,,,武富士バンブー,パイオニアレッドウィングス,石原昭久,安保澄,0,3,3,Lose,58,75,70,14:55,16:11,4462,,小林朝実,田中利昭,長谷川登,Home,100,54,5,54.0,18.00,10,5,0,50.0,8,2.67,73,1,10,5,2.8,55,40.0,0.0,72.7
100,54,5,54.0,18.00,10,5,0,50.0,8,2.67,73,1,10,5,2.8,55,40.0,0.0,72.7,558,2002-02-11,2002,02,11,,,パイオニアレッドウィングス,武富士バンブー,ｾﾘﾝｼﾞｬｰ･ｱｰﾘｰ,印東玄弥,3,0,3,Win,75,58,70,14:55,16:11,4462,,小林朝実,田中利昭,長谷川登,Away,91,32,6,35.2,10.67,3,1,0,33.3,4,1.33,60,1,4,15,7.9,63,57.0,0.0,90.5
164,63,12,38.4,15.75,2,0,0,0.0,11,2.75,96,5,7,29,12.1,94,72.0,0.0,76.6,560,2002-02-11,2002,02,11,,人吉スポーツパレス,デンソーエアリービーズ,JTマーヴェラス,新卓芳樹,辻 健志,1,3,4,Lose,95,101,95,16:20,18:04,2645,,代居正巳,山田禎郎,星川成人,Home,159,73,7,45.9,18.25,1,0,0,0.0,7,1.75,100,1,5,22,6.5,87,55.0,0.0,63.2
159,73,7,45.9,18.25,1,0,0,0.0,7,1.75,100,1,5,22,6.5,87,55.0,0.0,63.2,560,2002-02-11,2002,02,11,,人吉スポーツパレス,JTマーヴェラス,デンソーエアリービーズ,一柳 昇,佐藤 稔,3,1,4,Win,101,95,95,16:20,18:04,2645,,代居正巳,山田禎郎,星川成人,Away,164,63,12,38.4,15.75,2,0,0,0.0,11,2.75,96,5,7,29,12.1,94,72.0,0.0,76.6
107,44,3,41.1,14.67,4,1,0,25.0,5,1.67,65,0,7,16,6.2,66,56.0,0.0,84.8,561,2002-02-16,2002,02,16,,八尾市立総合体育館「ウイング」,デンソーエアリービーズ,パイオニアレッドウィングス,新卓芳樹,辻 健志,0,3,3,Lose,63,77,69,15:30,16:45,1300,,高橋憲太郎,江下毅,中田昌之,Home,106,54,5,50.9,18.00,5,4,0,80.0,7,2.33,75,1,8,10,4.7,58,42.0,0.0,72.4
106,54,5,50.9,18.00,5,4,0,80.0,7,2.33,75,1,8,10,4.7,58,42.0,0.0,72.4,561,2002-02-16,2002,02,16,,八尾市立総合体育館「ウイング」,パイオニアレッドウィングス,デンソーエアリービーズ,ｱｰﾘｰ･ｾﾘﾝｼﾞｬｰ,印東玄弥,3,0,3,Win,77,63,69,15:30,16:45,1300,,高橋憲太郎,江下毅,中田昌之,Away,107,44,3,41.1,14.67,4,1,0,25.0,5,1.67,65,0,7,16,6.2,66,56.0,0.0,84.8
133,70,2,52.6,17.50,0,0,0,-,8,2.00,95,2,6,43,13.2,83,60.0,0.0,72.3,562,2002-02-16,2002,02,16,,八尾市立総合体育館「ウイング」,東洋紡オーキス,JTマーヴェラス,柳本晶一,山村政彦,3,1,4,Win,97,84,81,17:21,18:51,1300,,田野敏彦,大塚春夫,宇代徹,Home,143,55,6,38.5,13.75,0,0,0,-,15,3.75,85,1,2,22,7.4,88,44.0,0.0,50.0
143,55,6,38.5,13.75,0,0,0,-,15,3.75,85,1,2,22,7.4,88,44.0,0.0,50.0,562,2002-02-16,2002,02,16,,八尾市立総合体育館「ウイング」,JTマーヴェラス,東洋紡オーキス,一柳 昇,佐藤 稔,1,3,4,Lose,84,97,81,17:21,18:51,1300,,田野敏彦,大塚春夫,宇代徹,Away,133,70,2,52.6,17.50,0,0,0,-,8,2.00,95,2,6,43,13.2,83,60.0,0.0,72.3
176,69,11,39.2,13.80,5,0,1,0.0,6,1.20,104,3,8,22,7.6,89,64.0,0.0,71.9,563,2002-02-17,2002,02,17,,,久光製薬スプリングス,武富士バンブー,ｾﾘﾝｼﾞｬｰ･ｱﾋﾞﾀﾙ,番平 守,3,2,5,Win,105,95,103,13:00,14:55,4000,,三見洋子,藤井孝,杉本庄一,Home,174,59,17,33.9,11.80,6,0,1,0.0,11,2.20,96,4,5,23,9.7,96,71.0,0.0,74.0
174,59,17,33.9,11.80,6,0,1,0.0,11,2.20,96,4,5,23,9.7,96,71.0,0.0,74.0,563,2002-02-17,2002,02,17,,,武富士バンブー,久光製薬スプリングス,石原昭久,安保澄,2,3,5,Lose,95,105,103,13:00,14:55,4000,,三見洋子,藤井孝,杉本庄一,Away,176,69,11,39.2,13.80,5,0,1,0.0,6,1.20,104,3,8,22,7.6,89,64.0,0.0,71.9
177,71,7,40.1,14.20,2,1,0,50.0,10,2.00,111,3,8,22,7.3,93,70.0,0.0,75.3,564,2002-02-17,2002,02,17,,,NECレッドロケッツ,東レアローズ,葛和伸元,山田晃豊,2,3,5,Lose,110,101,114,15:30,17:36,4000,,西川友之,江上雅宏,橋場薫,Home,188,70,14,37.2,14.00,0,0,0,-,9,1.80,100,1,7,22,6.3,102,78.0,0.0,76.5
188,70,14,37.2,14.00,0,0,0,-,9,1.80,100,1,7,22,6.3,102,78.0,0.0,76.5,564,2002-02-17,2002,02,17,,,東レアローズ,NECレッドロケッツ,達川 実,岸本太道,3,2,5,Win,101,110,114,15:30,17:36,4000,,西川友之,江上雅宏,橋場薫,Away,177,71,7,40.1,14.20,2,1,0,50.0,10,2.00,111,3,8,22,7.3,93,70.0,0.0,75.3
126,45,5,35.7,15.00,0,0,0,-,2,0.67,63,2,4,16,8.9,69,57.0,0.0,82.6,565,2002-02-23,2002,02,23,,佐賀県総合体育館,デンソーエアリービーズ,久光製薬スプリングス,新卓芳樹,辻 健志,0,3,3,Lose,61,76,72,14:00,15:18,2250,,塚本 健,代居正巳,山口泰正,Home,114,50,6,43.9,16.67,0,0,0,-,12,4.00,74,2,5,10,5.5,59,41.0,0.0,69.5
114,50,6,43.9,16.67,0,0,0,-,12,4.00,74,2,5,10,5.5,59,41.0,0.0,69.5,565,2002-02-23,2002,02,23,,佐賀県総合体育館,久光製薬スプリングス,デンソーエアリービーズ,ｾﾘﾝｼﾞｬｰ･ｱﾋﾞﾀﾙ,番平 守,3,0,3,Win,76,61,72,14:00,15:18,2250,,塚本 健,代居正巳,山口泰正,Away,126,45,5,35.7,15.00,0,0,0,-,2,0.67,63,2,4,16,8.9,69,57.0,0.0,82.6
167,62,6,37.1,15.50,13,6,0,46.2,15,3.75,98,2,9,12,4.7,87,82.0,0.0,94.3,567,2002-02-23,2002,02,23,,,パイオニアレッドウィングス,JTマーヴェラス,ｾﾘﾝｼﾞｬｰ･ｱｰﾘｰ,印東玄弥,3,1,4,Win,99,88,91,14:10,15:50,2800,,富田満,大塚春夫,清水俊宏,Home,165,57,12,34.5,14.25,5,1,1,20.0,11,2.75,89,0,2,5,1.4,89,75.0,0.0,84.3
165,57,12,34.5,14.25,5,1,1,20.0,11,2.75,89,0,2,5,1.4,89,75.0,0.0,84.3,567,2002-02-23,2002,02,23,,,JTマーヴェラス,パイオニアレッドウィングス,一柳 昇,佐藤 稔,1,3,4,Lose,88,99,91,14:10,15:50,2800,,富田満,大塚春夫,清水俊宏,Away,167,62,6,37.1,15.50,13,6,0,46.2,15,3.75,98,2,9,12,4.7,87,82.0,0.0,94.3
123,62,6,50.4,20.67,0,0,0,-,4,1.33,74,4,5,21,12.0,62,49.0,0.0,79.0,566,2002-02-23,2002,02,23,,佐賀県総合体育館,NECレッドロケッツ,シーガルズ,葛和伸元,山田晃豊,3,0,3,Win,75,62,69,15:55,17:10,2250,,中馬義郎,加治健男,山口泰正,Home,98,39,4,39.8,13.00,0,0,0,-,7,2.33,63,1,1,12,6.0,67,44.0,0.0,65.7
98,39,4,39.8,13.00,0,0,0,-,7,2.33,63,1,1,12,6.0,67,44.0,0.0,65.7,566,2002-02-23,2002,02,23,,佐賀県総合体育館,シーガルズ,NECレッドロケッツ,河本昭義,溝田知茂,0,3,3,Lose,62,75,69,15:55,17:10,2250,,中馬義郎,加治健男,山口泰正,Away,123,62,6,50.4,20.67,0,0,0,-,4,1.33,74,4,5,21,12.0,62,49.0,0.0,79.0
84,46,1,54.8,15.33,0,0,0,-,8,2.67,74,6,6,23,14.5,39,28.0,0.0,71.8,568,2002-02-23,2002,02,23,,,東レアローズ,武富士バンブー,達川 実,岸本太道,3,0,3,Win,75,45,58,16:25,17:30,2800,,伊藤博之,後藤孝志,阿部俊和,Home,92,31,4,33.7,10.33,3,1,0,33.3,3,1.00,46,1,6,11,8.2,67,39.0,0.0,58.2
92,31,4,33.7,10.33,3,1,0,33.3,3,1.00,46,1,6,11,8.2,67,39.0,0.0,58.2,568,2002-02-23,2002,02,23,,,武富士バンブー,東レアローズ,石原昭久,安保澄,0,3,3,Lose,45,75,58,16:25,17:30,2800,,伊藤博之,後藤孝志,阿部俊和,Away,84,46,1,54.8,15.33,0,0,0,-,8,2.67,74,6,6,23,14.5,39,28.0,0.0,71.8
155,63,3,40.6,15.75,3,0,0,0.0,9,2.25,95,2,2,13,5.3,73,48.0,0.0,65.8,569,2002-02-24,2002,02,24,,佐賀県総合体育館,シーガルズ,久光製薬スプリングス,河本昭義,溝田知茂,3,1,4,Win,96,80,90,13:00,14:39,2300,,加治健男,中馬義郎,池田勝,Home,152,65,10,42.8,16.25,6,1,0,16.7,5,1.25,81,3,8,22,9.8,92,78.0,0.0,84.8
152,65,10,42.8,16.25,6,1,0,16.7,5,1.25,81,3,8,22,9.8,92,78.0,0.0,84.8,569,2002-02-24,2002,02,24,,佐賀県総合体育館,久光製薬スプリングス,シーガルズ,ｾﾘﾝｼﾞｬｰ･ｱﾋﾞﾀﾙ,番平 守,1,3,4,Lose,80,96,90,13:00,14:39,2300,,加治健男,中馬義郎,池田勝,Away,155,63,3,40.6,15.75,3,0,0,0.0,9,2.25,95,2,2,13,5.3,73,48.0,0.0,65.8
110,41,7,37.3,13.67,5,1,0,20.0,3,1.00,63,2,5,6,5.2,65,50.0,0.0,76.9,571,2002-02-24,2002,02,24,,,パイオニアレッドウィングス,東レアローズ,ｾﾘﾝｼﾞｬｰ･ｱｰﾘｰ,印東玄弥,0,3,3,Lose,61,75,66,13:00,14:12,2600,,伊藤博之,大塚春夫,清水俊宏,Home,121,49,6,40.5,16.33,0,0,0,-,9,3.00,73,1,7,15,6.5,57,50.0,0.0,87.7
121,49,6,40.5,16.33,0,0,0,-,9,3.00,73,1,7,15,6.5,57,50.0,0.0,87.7,571,2002-02-24,2002,02,24,,,東レアローズ,パイオニアレッドウィングス,達川 実,岸本太道,3,0,3,Win,75,61,66,13:00,14:12,2600,,伊藤博之,大塚春夫,清水俊宏,Away,110,41,7,37.3,13.67,5,1,0,20.0,3,1.00,63,2,5,6,5.2,65,50.0,0.0,76.9
151,64,10,42.4,12.80,0,0,0,-,16,3.20,108,3,4,35,10.3,83,47.0,0.0,56.6,572,2002-02-24,2002,02,24,,,東洋紡オーキス,武富士バンブー,柳本晶一,山村政彦,3,2,5,Win,108,96,106,14:45,16:43,2600,,冨田満,牛田耕司,阿部俊和,Home,162,61,7,37.7,12.20,4,3,0,75.0,10,2.00,96,9,11,29,15.5,104,66.0,0.0,63.5
162,61,7,37.7,12.20,4,3,0,75.0,10,2.00,96,9,11,29,15.5,104,66.0,0.0,63.5,572,2002-02-24,2002,02,24,,,武富士バンブー,東洋紡オーキス,石原昭久,安保澄,2,3,5,Lose,96,108,106,14:45,16:43,2600,,冨田満,牛田耕司,阿部俊和,Away,151,64,10,42.4,12.80,0,0,0,-,16,3.20,108,3,4,35,10.3,83,47.0,0.0,56.6
99,47,3,47.5,15.67,3,2,0,66.7,11,3.67,74,3,5,20,10.0,52,40.0,0.0,76.9,570,2002-02-24,2002,02,24,,佐賀県総合体育館,NECレッドロケッツ,デンソーエアリービーズ,葛和伸元,山田晃豊,3,0,3,Win,75,53,67,15:15,16:28,2300,,代居正巳,塚本健,池田勝,Home,111,36,8,32.4,12.00,1,0,0,0.0,5,1.67,54,1,2,11,6.6,68,45.0,0.0,66.2
111,36,8,32.4,12.00,1,0,0,0.0,5,1.67,54,1,2,11,6.6,68,45.0,0.0,66.2,570,2002-02-24,2002,02,24,,佐賀県総合体育館,デンソーエアリービーズ,NECレッドロケッツ,新卓芳樹,辻 健志,0,3,3,Lose,53,75,67,15:15,16:28,2300,,代居正巳,塚本健,池田勝,Away,99,47,3,47.5,15.67,3,2,0,66.7,11,3.67,74,3,5,20,10.0,52,40.0,0.0,76.9
